Study,UniqueID,Authors,GPS,GPS/elevation,taxon,species,measure,cushion species,elevation,actual elevation,Rii,Var Rii,n
1,1,Anthelme et al. 2012,"00ᵒ28’S,78ᵒ09’W","0°28'22.52''S, 78°09'57.62''W",plant,Astragalus geminiflorus,presence,Azorella aretioides,low,4400,-1,0.05,1
1,2,Anthelme et al. 2012,"00ᵒ28’S,78ᵒ09’W","0°28'22.52''S, 78°09'57.62''W",plant,Azorella aretioides,presence,Azorella aretioides,low,4400,-1,0.05,1
1,3,Anthelme et al. 2012,"00ᵒ28’S,78ᵒ09’W","0°28'22.52''S, 78°09'57.62''W",plant,Baccharis caespitosa,presence,Azorella aretioides,low,4400,0.156756757,0.05,1
1,4,Anthelme et al. 2012,"00ᵒ28’S,78ᵒ09’W","0°28'22.52''S, 78°09'57.62''W",plant,Bartsia stricta,presence,Azorella aretioides,low,4400,0.068493151,0.534261705,28
1,5,Anthelme et al. 2012,"00ᵒ28’S,78ᵒ09’W","0°28'22.52''S, 78°09'57.62''W",plant,Bromus lanatus,presence,Azorella aretioides,low,4400,-0.459459459,0.318692252,41
1,6,Anthelme et al. 2012,"00ᵒ28’S,78ᵒ09’W","0°28'22.52''S, 78°09'57.62''W",plant,Carex tristicha,presence,Azorella aretioides,low,4400,-0.599247413,0.365317684,44
1,7,Anthelme et al. 2012,"00ᵒ28’S,78ᵒ09’W","0°28'22.52''S, 78°09'57.62''W",plant,Castilleja nubigena,presence,Azorella aretioides,low,4400,0,0.248370779,35
1,8,Anthelme et al. 2012,"00ᵒ28’S,78ᵒ09’W","0°28'22.52''S, 78°09'57.62''W",plant,Cerastium imbricatum,presence,Azorella aretioides,low,4400,-1,0.172915802,30
1,9,Anthelme et al. 2012,"00ᵒ28’S,78ᵒ09’W","0°28'22.52''S, 78°09'57.62''W",plant,Ephedra americana,presence,Azorella aretioides,low,4400,-0.384615385,0.134430727,2
1,10,Anthelme et al. 2012,"00ᵒ28’S,78ᵒ09’W","0°28'22.52''S, 78°09'57.62''W",plant,Erigeron ecuadoriensis,presence,Azorella aretioides,low,4400,0.637931034,0.05,1
1,11,Anthelme et al. 2012,"00ᵒ28’S,78ᵒ09’W","0°28'22.52''S, 78°09'57.62''W",plant,Gentiana sedifolia,presence,Azorella aretioides,low,4400,-0.068181818,0.05,1
1,12,Anthelme et al. 2012,"00ᵒ28’S,78ᵒ09’W","0°28'22.52''S, 78°09'57.62''W",plant,Gentianella rupicola,presence,Azorella aretioides,low,4400,1,0.05,1
1,13,Anthelme et al. 2012,"00ᵒ28’S,78ᵒ09’W","0°28'22.52''S, 78°09'57.62''W",plant,Geranium ecuadoriensis,presence,Azorella aretioides,low,4400,-1,0.05,1
1,14,Anthelme et al. 2012,"00ᵒ28’S,78ᵒ09’W","0°28'22.52''S, 78°09'57.62''W",plant,Geranium multipartitum,presence,Azorella aretioides,low,4400,0.359281437,0.000214031,2
1,15,Anthelme et al. 2012,"00ᵒ28’S,78ᵒ09’W","0°28'22.52''S, 78°09'57.62''W",plant,Huperzia crassa,presence,Azorella aretioides,low,4400,0.724137931,0.05,1
1,16,Anthelme et al. 2012,"00ᵒ28’S,78ᵒ09’W","0°28'22.52''S, 78°09'57.62''W",plant,Hypochaeris sessiliflora,presence,Azorella aretioides,low,4400,0.302034429,0.05,1
1,17,Anthelme et al. 2012,"00ᵒ28’S,78ᵒ09’W","0°28'22.52''S, 78°09'57.62''W",plant,Lachemilla hispidulata,presence,Azorella aretioides,low,4400,0.097560976,0.05,1
1,18,Anthelme et al. 2012,"00ᵒ28’S,78ᵒ09’W","0°28'22.52''S, 78°09'57.62''W",plant,Lasiocephalus ovatus,presence,Azorella aretioides,low,4400,1,0.05,1
1,19,Anthelme et al. 2012,"00ᵒ28’S,78ᵒ09’W","0°28'22.52''S, 78°09'57.62''W",plant,Loricaria thuyoides,presence,Azorella aretioides,low,4400,0.152941176,0.4108806,27
1,20,Anthelme et al. 2012,"00ᵒ28’S,78ᵒ09’W","0°28'22.52''S, 78°09'57.62''W",plant,Lucilia kunthiana,presence,Azorella aretioides,low,4400,-0.428571429,0.348017185,37
1,21,Anthelme et al. 2012,"00ᵒ28’S,78ᵒ09’W","0°28'22.52''S, 78°09'57.62''W",plant,Lupinus microphyllus,presence,Azorella aretioides,low,4400,-0.131736527,0.05,1
1,22,Anthelme et al. 2012,"00ᵒ28’S,78ᵒ09’W","0°28'22.52''S, 78°09'57.62''W",plant,Luzula racemosa,presence,Azorella aretioides,low,4400,-0.5,0.05,1
1,23,Anthelme et al. 2012,"00ᵒ28’S,78ᵒ09’W","0°28'22.52''S, 78°09'57.62''W",plant,Lysipomia acaulis,presence,Azorella aretioides,low,4400,0.171171171,0.05,1
1,24,Anthelme et al. 2012,"00ᵒ28’S,78ᵒ09’W","0°28'22.52''S, 78°09'57.62''W",plant,Myrosmodes sp.,presence,Azorella aretioides,low,4400,0.631578947,0.05,1
1,25,Anthelme et al. 2012,"00ᵒ28’S,78ᵒ09’W","0°28'22.52''S, 78°09'57.62''W",plant,Nototriche hartwegii,presence,Azorella aretioides,low,4400,0.028571429,0.000733692,2
1,26,Anthelme et al. 2012,"00ᵒ28’S,78ᵒ09’W","0°28'22.52''S, 78°09'57.62''W",plant,Oreomyrrhis andicola,presence,Azorella aretioides,low,4400,0.722222222,0.000517902,2
1,27,Anthelme et al. 2012,"00ᵒ28’S,78ᵒ09’W","0°28'22.52''S, 78°09'57.62''W",plant,Oritrophium limnifolium,presence,Azorella aretioides,low,4400,1,0.56137637,30
1,28,Anthelme et al. 2012,"00ᵒ28’S,78ᵒ09’W","0°28'22.52''S, 78°09'57.62''W",plant,Oritrophium peruvianium,presence,Azorella aretioides,low,4400,-0.043478261,0.513418572,30
1,29,Anthelme et al. 2012,"00ᵒ28’S,78ᵒ09’W","0°28'22.52''S, 78°09'57.62''W",plant,Ourisia muscoides,presence,Azorella aretioides,low,4400,-0.333333333,0.05,1
1,30,Anthelme et al. 2012,"00ᵒ28’S,78ᵒ09’W","0°28'22.52''S, 78°09'57.62''W",plant,Pernettya prostata,presence,Azorella aretioides,low,4400,0.519379845,0.047987211,2
1,31,Anthelme et al. 2012,"00ᵒ28’S,78ᵒ09’W","0°28'22.52''S, 78°09'57.62''W",plant,Plantago nubigena,presence,Azorella aretioides,low,4400,-0.380333952,0.05,1
1,32,Anthelme et al. 2012,"00ᵒ28’S,78ᵒ09’W","0°28'22.52''S, 78°09'57.62''W",plant,Plantago rigida,presence,Azorella aretioides,low,4400,-0.135802469,0.05,1
1,33,Anthelme et al. 2012,"00ᵒ28’S,78ᵒ09’W","0°28'22.52''S, 78°09'57.62''W",plant,Poaceae,presence,Azorella aretioides,low,4400,0.283753258,0.05,1
1,34,Anthelme et al. 2012,"00ᵒ28’S,78ᵒ09’W","0°28'22.52''S, 78°09'57.62''W",plant,Ranunculus guzmanii,presence,Azorella aretioides,low,4400,-0.428571429,0.05,1
1,35,Anthelme et al. 2012,"00ᵒ28’S,78ᵒ09’W","0°28'22.52''S, 78°09'57.62''W",plant,Ranunculus peruvianus,presence,Azorella aretioides,low,4400,0.333333333,0.05,1
1,36,Anthelme et al. 2012,"00ᵒ28’S,78ᵒ09’W","0°28'22.52''S, 78°09'57.62''W",plant,Valeriana aretioides,presence,Azorella aretioides,low,4400,0.866666667,0.05532679,2
1,37,Anthelme et al. 2012,"00ᵒ28’S,78ᵒ09’W","0°28'22.52''S, 78°09'57.62''W",plant,Valeriana rigida,presence,Azorella aretioides,low,4400,0.103448276,0.05,1
1,38,Anthelme et al. 2012,"00ᵒ28’S,78ᵒ09’W","0°28'22.52''S, 78°09'57.62''W",plant,Viola bangii,presence,Azorella aretioides,low,4400,-0.321243523,0.371661846,11
1,39,Anthelme et al. 2012,"00ᵒ28’S,78ᵒ09’W","0°28'22.52''S, 78°09'57.62''W",plant,Werneria nubigena,presence,Azorella aretioides,low,4400,-0.422077922,0.05,1
1,40,Anthelme et al. 2012,"00ᵒ28’S,78ᵒ09’W","0°28'22.52''S, 78°09'57.62''W",plant,Werneria pumila,presence,Azorella aretioides,low,4400,-0.619047619,0.05,1
1,41,Anthelme et al. 2012,"00ᵒ28’S,78ᵒ09’W","0°28'22.52''S, 78°09'57.62''W",plant,Werneria pygmaea,presence,Azorella aretioides,low,4400,0.25,0.008133811,6
1,42,Anthelme et al. 2012,"00ᵒ28’S,78ᵒ09’W","0°28'02.90''S, 78°10'00.30''W",plant,Azorella aretioides,presence,Azorella aretioides,mid,4500,-1,0.271884325,14
1,43,Anthelme et al. 2012,"00ᵒ28’S,78ᵒ09’W","0°28'02.90''S, 78°10'00.30''W",plant,Azorella pedunculata,presence,Azorella aretioides,mid,4500,0.538461538,0.290835968,21
1,44,Anthelme et al. 2012,"00ᵒ28’S,78ᵒ09’W","0°28'02.90''S, 78°10'00.30''W",plant,Baccharis caespitosa,presence,Azorella aretioides,mid,4500,-0.218579235,0.364166593,108
1,45,Anthelme et al. 2012,"00ᵒ28’S,78ᵒ09’W","0°28'02.90''S, 78°10'00.30''W",plant,Bartsia stricta,presence,Azorella aretioides,mid,4500,-0.324561404,0.05,1
1,46,Anthelme et al. 2012,"00ᵒ28’S,78ᵒ09’W","0°28'02.90''S, 78°10'00.30''W",plant,Bromus lanatus,presence,Azorella aretioides,mid,4500,-0.481927711,0.00000155639,2
1,47,Anthelme et al. 2012,"00ᵒ28’S,78ᵒ09’W","0°28'02.90''S, 78°10'00.30''W",plant,Carex tristicha,presence,Azorella aretioides,mid,4500,-0.674388674,0.05,1
1,48,Anthelme et al. 2012,"00ᵒ28’S,78ᵒ09’W","0°28'02.90''S, 78°10'00.30''W",plant,Castilleja nubigena,presence,Azorella aretioides,mid,4500,-0.253333333,0.044142205,2
1,49,Anthelme et al. 2012,"00ᵒ28’S,78ᵒ09’W","0°28'02.90''S, 78°10'00.30''W",plant,Cerastium imbricatum,presence,Azorella aretioides,mid,4500,-0.352941176,0.488784793,9
1,50,Anthelme et al. 2012,"00ᵒ28’S,78ᵒ09’W","0°28'02.90''S, 78°10'00.30''W",plant,Cerastium trianae,presence,Azorella aretioides,mid,4500,0.75,0.253897221,15
1,51,Anthelme et al. 2012,"00ᵒ28’S,78ᵒ09’W","0°28'02.90''S, 78°10'00.30''W",plant,Chuqiragua jussieui,presence,Azorella aretioides,mid,4500,0.846153846,0.055451373,2
1,52,Anthelme et al. 2012,"00ᵒ28’S,78ᵒ09’W","0°28'02.90''S, 78°10'00.30''W",plant,Draba aretioides,presence,Azorella aretioides,mid,4500,-1,0.065359567,2
1,53,Anthelme et al. 2012,"00ᵒ28’S,78ᵒ09’W","0°28'02.90''S, 78°10'00.30''W",plant,Erigeron ecuadoriensis,presence,Azorella aretioides,mid,4500,-0.264864865,0.595295553,17
1,54,Anthelme et al. 2012,"00ᵒ28’S,78ᵒ09’W","0°28'02.90''S, 78°10'00.30''W",plant,Floscaldasia hypsophila,presence,Azorella aretioides,mid,4500,1,0.541516328,32
1,55,Anthelme et al. 2012,"00ᵒ28’S,78ᵒ09’W","0°28'02.90''S, 78°10'00.30''W",plant,Gentiana sedifolia,presence,Azorella aretioides,mid,4500,-0.012987013,0.874932362,4
1,56,Anthelme et al. 2012,"00ᵒ28’S,78ᵒ09’W","0°28'02.90''S, 78°10'00.30''W",plant,Gentianella rupicola,presence,Azorella aretioides,mid,4500,0.6,0.679409328,34
1,57,Anthelme et al. 2012,"00ᵒ28’S,78ᵒ09’W","0°28'02.90''S, 78°10'00.30''W",plant,Geranium ecuadoriensis,presence,Azorella aretioides,mid,4500,-1,0.346607207,37
1,58,Anthelme et al. 2012,"00ᵒ28’S,78ᵒ09’W","0°28'02.90''S, 78°10'00.30''W",plant,Geranium multipartitum,presence,Azorella aretioides,mid,4500,0.164728682,0.05,1
1,59,Anthelme et al. 2012,"00ᵒ28’S,78ᵒ09’W","0°28'02.90''S, 78°10'00.30''W",plant,Halenia weddeliana,presence,Azorella aretioides,mid,4500,-0.294117647,0,3
1,60,Anthelme et al. 2012,"00ᵒ28’S,78ᵒ09’W","0°28'02.90''S, 78°10'00.30''W",plant,Huperzia crassa,presence,Azorella aretioides,mid,4500,-0.6,0.05,1
1,61,Anthelme et al. 2012,"00ᵒ28’S,78ᵒ09’W","0°28'02.90''S, 78°10'00.30''W",plant,Hypochaeris sessiliflora,presence,Azorella aretioides,mid,4500,0.001459854,0.009889278,2
1,62,Anthelme et al. 2012,"00ᵒ28’S,78ᵒ09’W","0°28'02.90''S, 78°10'00.30''W",plant,Lachemilla hispidulata,presence,Azorella aretioides,mid,4500,-0.066666667,0.001192548,2
1,63,Anthelme et al. 2012,"00ᵒ28’S,78ᵒ09’W","0°28'02.90''S, 78°10'00.30''W",plant,Lachemilla orbiculata,presence,Azorella aretioides,mid,4500,-0.463414634,0.012623112,2
1,64,Anthelme et al. 2012,"00ᵒ28’S,78ᵒ09’W","0°28'02.90''S, 78°10'00.30''W",plant,Lasiocephalus ovatus,presence,Azorella aretioides,mid,4500,1,0.016416836,2
1,65,Anthelme et al. 2012,"00ᵒ28’S,78ᵒ09’W","0°28'02.90''S, 78°10'00.30''W",plant,Lucilia kunthiana,presence,Azorella aretioides,mid,4500,-0.125925926,0.03720361,2
1,66,Anthelme et al. 2012,"00ᵒ28’S,78ᵒ09’W","0°28'02.90''S, 78°10'00.30''W",plant,Lupinus microphyllus,presence,Azorella aretioides,mid,4500,-0.576642336,0.049882497,2
1,67,Anthelme et al. 2012,"00ᵒ28’S,78ᵒ09’W","0°28'02.90''S, 78°10'00.30''W",plant,Luzula racemosa,presence,Azorella aretioides,mid,4500,0.157894737,,
1,68,Anthelme et al. 2012,"00ᵒ28’S,78ᵒ09’W","0°28'02.90''S, 78°10'00.30''W",plant,Lysipomia acaulis,presence,Azorella aretioides,mid,4500,-0.797101449,,
1,69,Anthelme et al. 2012,"00ᵒ28’S,78ᵒ09’W","0°28'02.90''S, 78°10'00.30''W",plant,Myrosmodes sp.,presence,Azorella aretioides,mid,4500,-0.404255319,,
1,70,Anthelme et al. 2012,"00ᵒ28’S,78ᵒ09’W","0°28'02.90''S, 78°10'00.30''W",plant,Nototriche hartwegii,presence,Azorella aretioides,mid,4500,-0.488888889,,
1,71,Anthelme et al. 2012,"00ᵒ28’S,78ᵒ09’W","0°28'02.90''S, 78°10'00.30''W",plant,Oreomyrrhis andicola,presence,Azorella aretioides,mid,4500,0.820512821,,
1,72,Anthelme et al. 2012,"00ᵒ28’S,78ᵒ09’W","0°28'02.90''S, 78°10'00.30''W",plant,Oritrophium peruvianium,presence,Azorella aretioides,mid,4500,-0.357142857,,
1,73,Anthelme et al. 2012,"00ᵒ28’S,78ᵒ09’W","0°28'02.90''S, 78°10'00.30''W",plant,Ourisia muscoides,presence,Azorella aretioides,mid,4500,-0.931034483,,
1,74,Anthelme et al. 2012,"00ᵒ28’S,78ᵒ09’W","0°28'02.90''S, 78°10'00.30''W",plant,Pernettya prostata,presence,Azorella aretioides,mid,4500,0.784615385,,
1,75,Anthelme et al. 2012,"00ᵒ28’S,78ᵒ09’W","0°28'02.90''S, 78°10'00.30''W",plant,Plantago nubigena,presence,Azorella aretioides,mid,4500,-0.793103448,,
1,76,Anthelme et al. 2012,"00ᵒ28’S,78ᵒ09’W","0°28'02.90''S, 78°10'00.30''W",plant,Plantago rigida,presence,Azorella aretioides,mid,4500,0.023622047,,
1,77,Anthelme et al. 2012,"00ᵒ28’S,78ᵒ09’W","0°28'02.90''S, 78°10'00.30''W",plant,Ranunculus guzmanii,presence,Azorella aretioides,mid,4500,0.666666667,,
1,78,Anthelme et al. 2012,"00ᵒ28’S,78ᵒ09’W","0°28'02.90''S, 78°10'00.30''W",plant,Ranunculus peruvianus,presence,Azorella aretioides,mid,4500,-0.304347826,,
1,79,Anthelme et al. 2012,"00ᵒ28’S,78ᵒ09’W","0°28'02.90''S, 78°10'00.30''W",plant,Poaceae,presence,Azorella aretioides,mid,4500,0.11934275,,
1,80,Anthelme et al. 2012,"00ᵒ28’S,78ᵒ09’W","0°28'02.90''S, 78°10'00.30''W",plant,Valeriana aretioides,presence,Azorella aretioides,mid,4500,-0.379310345,,
1,81,Anthelme et al. 2012,"00ᵒ28’S,78ᵒ09’W","0°28'02.90''S, 78°10'00.30''W",plant,Valeriana rigida,presence,Azorella aretioides,mid,4500,-0.684931507,,
1,82,Anthelme et al. 2012,"00ᵒ28’S,78ᵒ09’W","0°28'02.90''S, 78°10'00.30''W",plant,Viola bangii,presence,Azorella aretioides,mid,4500,-0.704809287,,
1,83,Anthelme et al. 2012,"00ᵒ28’S,78ᵒ09’W","0°28'02.90''S, 78°10'00.30''W",plant,Werneria nubigena,presence,Azorella aretioides,mid,4500,-0.363391655,,
1,84,Anthelme et al. 2012,"00ᵒ28’S,78ᵒ09’W","0°28'02.90''S, 78°10'00.30''W",plant,Werneria pumila,presence,Azorella aretioides,mid,4500,1,,
1,85,Anthelme et al. 2012,"00ᵒ28’S,78ᵒ09’W","0°28'02.90''S, 78°10'00.30''W",plant,Werneria pygmaea,presence,Azorella aretioides,mid,4500,-0.884057971,,
1,86,Anthelme et al. 2012,"00ᵒ28’S,78ᵒ09’W","0°28'20.17''S, 78°09'30.87''W",plant,Azorella aretioides,presence,Azorella aretioides,high,4700,-1,,
1,87,Anthelme et al. 2012,"00ᵒ28’S,78ᵒ09’W","0°28'20.17''S, 78°09'30.87''W",plant,Azorella pedunculata,presence,Azorella aretioides,high,4700,1,,
1,88,Anthelme et al. 2012,"00ᵒ28’S,78ᵒ09’W","0°28'20.17''S, 78°09'30.87''W",plant,Baccharis caespitosa,presence,Azorella aretioides,high,4700,0.149659864,,
1,89,Anthelme et al. 2012,"00ᵒ28’S,78ᵒ09’W","0°28'20.17''S, 78°09'30.87''W",plant,Bartsia stricta,presence,Azorella aretioides,high,4700,0.733333333,,
1,90,Anthelme et al. 2012,"00ᵒ28’S,78ᵒ09’W","0°28'20.17''S, 78°09'30.87''W",plant,Cerastium floccosum,presence,Azorella aretioides,high,4700,0.151515152,,
1,91,Anthelme et al. 2012,"00ᵒ28’S,78ᵒ09’W","0°28'20.17''S, 78°09'30.87''W",plant,Chuqiragua jussieui,presence,Azorella aretioides,high,4700,0.5,,
1,92,Anthelme et al. 2012,"00ᵒ28’S,78ᵒ09’W","0°28'20.17''S, 78°09'30.87''W",plant,Draba aretioides,presence,Azorella aretioides,high,4700,0.238095238,,
1,93,Anthelme et al. 2012,"00ᵒ28’S,78ᵒ09’W","0°28'20.17''S, 78°09'30.87''W",plant,Ephedra americana,presence,Azorella aretioides,high,4700,-1,,
1,94,Anthelme et al. 2012,"00ᵒ28’S,78ᵒ09’W","0°28'20.17''S, 78°09'30.87''W",plant,Erigeron ecuadoriensis,presence,Azorella aretioides,high,4700,0.804878049,,
1,95,Anthelme et al. 2012,"00ᵒ28’S,78ᵒ09’W","0°28'20.17''S, 78°09'30.87''W",plant,Gentiana sedifolia,presence,Azorella aretioides,high,4700,0.773584906,,
1,96,Anthelme et al. 2012,"00ᵒ28’S,78ᵒ09’W","0°28'20.17''S, 78°09'30.87''W",plant,Huperzia crassa,presence,Azorella aretioides,high,4700,0.98757764,,
1,97,Anthelme et al. 2012,"00ᵒ28’S,78ᵒ09’W","0°28'20.17''S, 78°09'30.87''W",plant,Hypochaeris sessiliflora,presence,Azorella aretioides,high,4700,0.725490196,,
1,98,Anthelme et al. 2012,"00ᵒ28’S,78ᵒ09’W","0°28'20.17''S, 78°09'30.87''W",plant,Lucilia kunthiana,presence,Azorella aretioides,high,4700,1,,
1,99,Anthelme et al. 2012,"00ᵒ28’S,78ᵒ09’W","0°28'20.17''S, 78°09'30.87''W",plant,Lupinus microphyllus,presence,Azorella aretioides,high,4700,0.826086957,,
1,100,Anthelme et al. 2012,"00ᵒ28’S,78ᵒ09’W","0°28'20.17''S, 78°09'30.87''W",plant,Luzula racemosa,presence,Azorella aretioides,high,4700,0.393258427,,
1,101,Anthelme et al. 2012,"00ᵒ28’S,78ᵒ09’W","0°28'20.17''S, 78°09'30.87''W",plant,Myrosmodes sp.,presence,Azorella aretioides,high,4700,1,,
1,102,Anthelme et al. 2012,"00ᵒ28’S,78ᵒ09’W","0°28'20.17''S, 78°09'30.87''W",plant,Nototriche hartwegii,presence,Azorella aretioides,high,4700,-1,,
1,103,Anthelme et al. 2012,"00ᵒ28’S,78ᵒ09’W","0°28'20.17''S, 78°09'30.87''W",plant,Oreomyrrhis andicola,presence,Azorella aretioides,high,4700,-0.714285714,,
1,104,Anthelme et al. 2012,"00ᵒ28’S,78ᵒ09’W","0°28'20.17''S, 78°09'30.87''W",plant,Pernettya prostrata,presence,Azorella aretioides,high,4700,0.794871795,,
1,105,Anthelme et al. 2012,"00ᵒ28’S,78ᵒ09’W","0°28'20.17''S, 78°09'30.87''W",plant,Ranunculus peruvianus,presence,Azorella aretioides,high,4700,0.875,,
1,106,Anthelme et al. 2012,"00ᵒ28’S,78ᵒ09’W","0°28'20.17''S, 78°09'30.87''W",plant,Senecio canescens,presence,Azorella aretioides,high,4700,-1,,
1,107,Anthelme et al. 2012,"00ᵒ28’S,78ᵒ09’W","0°28'20.17''S, 78°09'30.87''W",plant,Senecio nivalis,presence,Azorella aretioides,high,4700,0.678571429,,
1,108,Anthelme et al. 2012,"00ᵒ28’S,78ᵒ09’W","0°28'20.17''S, 78°09'30.87''W",plant,Poaceae,presence,Azorella aretioides,high,4700,0.621262458,,
1,109,Anthelme et al. 2012,"00ᵒ28’S,78ᵒ09’W","0°28'20.17''S, 78°09'30.87''W",plant,Valeriana alypifolia,presence,Azorella aretioides,high,4700,-1,,
1,110,Anthelme et al. 2012,"00ᵒ28’S,78ᵒ09’W","0°28'20.17''S, 78°09'30.87''W",plant,Valeriana rigida,presence,Azorella aretioides,high,4700,1,,
1,111,Anthelme et al. 2012,"00ᵒ28’S,78ᵒ09’W","0°28'20.17''S, 78°09'30.87''W",plant,Werneria nubigena,presence,Azorella aretioides,high,4700,-0.032258065,,
1,112,Anthelme et al. 2012,"00ᵒ28’S,78ᵒ09’W","0°28'20.17''S, 78°09'30.87''W",plant,Werneria pumila,presence,Azorella aretioides,high,4700,-0.314285714,,
1,113,Anthelme et al. 2012,"00ᵒ28’S,78ᵒ09’W","0°28'20.17''S, 78°09'30.87''W",plant,Xenophyllum rigidum,presence,Azorella aretioides,high,4700,0.379310345,,
1,114,Anthelme et al. 2012,"00ᵒ28’S,78ᵒ09’W","0°28'22.52''S, 78°09'57.62''W",plant,all,diversity,Azorella aretioides,low,4400,-0.021276596,,
1,115,Anthelme et al. 2012,"00ᵒ28’S,78ᵒ09’W","0°28'02.90''S, 78°10'00.30''W",plant,all,diversity,Azorella aretioides,mid,4500,0,,
1,116,Anthelme et al. 2012,"00ᵒ28’S,78ᵒ09’W","0°28'20.17''S, 78°09'30.87''W",plant,all,diversity,Azorella aretioides,high,4700,-0.013333333,,
2,117,Arroyo et al. 2003,"50ᵒ48’S,73ᵒ10’W",,plant,Acaena antarctica,presence,Azorella monantha,low,700,0.5,,
2,118,Arroyo et al. 2003,"50ᵒ48’S,73ᵒ10’W",,plant,Acaena magellanica,presence,Azorella monantha,low,700,0.125,,
2,119,Arroyo et al. 2003,"50ᵒ48’S,73ᵒ10’W",,plant,Acaena pinnatifida,presence,Azorella monantha,low,700,0.333333333,,
2,120,Arroyo et al. 2003,"50ᵒ48’S,73ᵒ10’W",,plant,Adesmia pumila,presence,Azorella monantha,low,700,0.6,,
2,121,Arroyo et al. 2003,"50ᵒ48’S,73ᵒ10’W",,plant,Arjona patagonica,presence,Azorella monantha,low,700,0,,
2,122,Arroyo et al. 2003,"50ᵒ48’S,73ᵒ10’W",,plant,Azorella fuefiana,presence,Azorella monantha,low,700,0.5,,
2,123,Arroyo et al. 2003,"50ᵒ48’S,73ᵒ10’W",,plant,Berberis buxifolia,presence,Azorella monantha,low,700,0,,
2,124,Arroyo et al. 2003,"50ᵒ48’S,73ᵒ10’W",,plant,Berberis empetrifolia,presence,Azorella monantha,low,700,1,,
2,125,Arroyo et al. 2003,"50ᵒ48’S,73ᵒ10’W",,plant,Calceolario uniflora,presence,Azorella monantha,low,700,0.043478261,,
2,126,Arroyo et al. 2003,"50ᵒ48’S,73ᵒ10’W",,plant,Cerastium arvense,presence,Azorella monantha,low,700,0.096774194,,
2,127,Arroyo et al. 2003,"50ᵒ48’S,73ᵒ10’W",,plant,Draba magellanica,presence,Azorella monantha,low,700,0,,
2,128,Arroyo et al. 2003,"50ᵒ48’S,73ᵒ10’W",,plant,Elymus glaucescens,presence,Azorella monantha,low,700,-0.111111111,,
2,129,Arroyo et al. 2003,"50ᵒ48’S,73ᵒ10’W",,plant,Erigeron leptopetalus,presence,Azorella monantha,low,700,-0.090909091,,
2,130,Arroyo et al. 2003,"50ᵒ48’S,73ᵒ10’W",,plant,Festuca magellanica,presence,Azorella monantha,low,700,0.191489362,,
2,131,Arroyo et al. 2003,"50ᵒ48’S,73ᵒ10’W",,plant,Gautheria mucronata,presence,Azorella monantha,low,700,-1,,
2,132,Arroyo et al. 2003,"50ᵒ48’S,73ᵒ10’W",,plant,Hamadryas kingii,presence,Azorella monantha,low,700,,,
2,133,Arroyo et al. 2003,"50ᵒ48’S,73ᵒ10’W",,plant,Hypochaeris incana,presence,Azorella monantha,low,700,0.12,,
2,134,Arroyo et al. 2003,"50ᵒ48’S,73ᵒ10’W",,plant,Leucheria hahnii,presence,Azorella monantha,low,700,0.272727273,,
2,135,Arroyo et al. 2003,"50ᵒ48’S,73ᵒ10’W",,plant,Leucheria leontopodioides,presence,Azorella monantha,low,700,1,,
2,136,Arroyo et al. 2003,"50ᵒ48’S,73ᵒ10’W",,plant,Luzula alopecurus,presence,Azorella monantha,low,700,1,,
2,137,Arroyo et al. 2003,"50ᵒ48’S,73ᵒ10’W",,plant,Luzula chilensis,presence,Azorella monantha,low,700,0.333333333,,
2,138,Arroyo et al. 2003,"50ᵒ48’S,73ᵒ10’W",,plant,Nassauvia aculeata,presence,Azorella monantha,low,700,0.058823529,,
2,139,Arroyo et al. 2003,"50ᵒ48’S,73ᵒ10’W",,plant,Oxalis enneaphylla,presence,Azorella monantha,low,700,0,,
2,140,Arroyo et al. 2003,"50ᵒ48’S,73ᵒ10’W",,plant,Phaiophelps biflora,presence,Azorella monantha,low,700,-0.142857143,,
2,141,Arroyo et al. 2003,"50ᵒ48’S,73ᵒ10’W",,plant,Phleum alpinum,presence,Azorella monantha,low,700,0.25,,
2,142,Arroyo et al. 2003,"50ᵒ48’S,73ᵒ10’W",,plant,Poa alopecurus,presence,Azorella monantha,low,700,-0.333333333,,
2,143,Arroyo et al. 2003,"50ᵒ48’S,73ᵒ10’W",,plant,Poa pratensis,presence,Azorella monantha,low,700,0.428571429,,
2,144,Arroyo et al. 2003,"50ᵒ48’S,73ᵒ10’W",,plant,Saxifraga magellanica,presence,Azorella monantha,low,700,0.058823529,,
2,145,Arroyo et al. 2003,"50ᵒ48’S,73ᵒ10’W",,plant,Trisetum phleoides,presence,Azorella monantha,low,700,0.714285714,,
2,146,Arroyo et al. 2003,"50ᵒ48’S,73ᵒ10’W",,plant,Vicia bijuga,presence,Azorella monantha,low,700,0,,
2,147,Arroyo et al. 2003,"50ᵒ48’S,73ᵒ10’W",,plant,Vicia magellanica,presence,Azorella monantha,low,700,-0.090909091,,
2,148,Arroyo et al. 2003,"50ᵒ48’S,73ᵒ10’W",,plant,Acaena antarctica,presence,Azorella monantha,high,900,1,,
2,149,Arroyo et al. 2003,"50ᵒ48’S,73ᵒ10’W",,plant,Acaena pinnatifida,presence,Azorella monantha,high,900,0.5,,
2,150,Arroyo et al. 2003,"50ᵒ48’S,73ᵒ10’W",,plant,Adesmia lotoides,presence,Azorella monantha,high,900,-1,,
2,151,Arroyo et al. 2003,"50ᵒ48’S,73ᵒ10’W",,plant,Adesmia parvifolia,presence,Azorella monantha,high,900,1,,
2,152,Arroyo et al. 2003,"50ᵒ48’S,73ᵒ10’W",,plant,Arjona patagonica,presence,Azorella monantha,high,900,1,,
2,153,Arroyo et al. 2003,"50ᵒ48’S,73ᵒ10’W",,plant,Azorella fuefiana,presence,Azorella monantha,high,900,0.428571429,,
2,154,Arroyo et al. 2003,"50ᵒ48’S,73ᵒ10’W",,plant,bolax gummifera,presence,Azorella monantha,high,900,1,,
2,155,Arroyo et al. 2003,"50ᵒ48’S,73ᵒ10’W",,plant,Calceolario uniflora,presence,Azorella monantha,high,900,0.684210526,,
2,156,Arroyo et al. 2003,"50ᵒ48’S,73ᵒ10’W",,plant,Cerastium arvense,presence,Azorella monantha,high,900,0.28,,
2,157,Arroyo et al. 2003,"50ᵒ48’S,73ᵒ10’W",,plant,Colobanthus subulatus,presence,Azorella monantha,high,900,1,,
2,158,Arroyo et al. 2003,"50ᵒ48’S,73ᵒ10’W",,plant,Draba funiculosa,presence,Azorella monantha,high,900,1,,
2,159,Arroyo et al. 2003,"50ᵒ48’S,73ᵒ10’W",,plant,Draba magellanica,presence,Azorella monantha,high,900,1,,
2,160,Arroyo et al. 2003,"50ᵒ48’S,73ᵒ10’W",,plant,Elymus glaucescens,presence,Azorella monantha,high,900,1,,
2,161,Arroyo et al. 2003,"50ᵒ48’S,73ᵒ10’W",,plant,Empertrum rubrum,presence,Azorella monantha,high,900,1,,
2,162,Arroyo et al. 2003,"50ᵒ48’S,73ᵒ10’W",,plant,Erigeron leptopetalus,presence,Azorella monantha,high,900,1,,
2,163,Arroyo et al. 2003,"50ᵒ48’S,73ᵒ10’W",,plant,Festuca magellanica,presence,Azorella monantha,high,900,0.619047619,,
2,164,Arroyo et al. 2003,"50ᵒ48’S,73ᵒ10’W",,plant,Hamadryas kingii,presence,Azorella monantha,high,900,-0.5,,
2,165,Arroyo et al. 2003,"50ᵒ48’S,73ᵒ10’W",,plant,Hypochaeris incana,presence,Azorella monantha,high,900,1,,
2,166,Arroyo et al. 2003,"50ᵒ48’S,73ᵒ10’W",,plant,Leucheria hahnii,presence,Azorella monantha,high,900,0.333333333,,
2,167,Arroyo et al. 2003,"50ᵒ48’S,73ᵒ10’W",,plant,Leucheria leontopodioides,presence,Azorella monantha,high,900,1,,
2,168,Arroyo et al. 2003,"50ᵒ48’S,73ᵒ10’W",,plant,Luzula alopecurus,presence,Azorella monantha,high,900,1,,
2,169,Arroyo et al. 2003,"50ᵒ48’S,73ᵒ10’W",,plant,Luzula chilensis,presence,Azorella monantha,high,900,1,,
2,170,Arroyo et al. 2003,"50ᵒ48’S,73ᵒ10’W",,plant,Nassauvia aculeata,presence,Azorella monantha,high,900,0.555555556,,
2,171,Arroyo et al. 2003,"50ᵒ48’S,73ᵒ10’W",,plant,Nassauvia pygmaea,presence,Azorella monantha,high,900,-0.384615385,,
2,172,Arroyo et al. 2003,"50ᵒ48’S,73ᵒ10’W",,plant,Nassauvia revoluta,presence,Azorella monantha,high,900,0.6,,
2,173,Arroyo et al. 2003,"50ᵒ48’S,73ᵒ10’W",,plant,Oeropolus glacialis,presence,Azorella monantha,high,900,0.75,,
2,174,Arroyo et al. 2003,"50ᵒ48’S,73ᵒ10’W",,plant,Oxalis enneaphylla,presence,Azorella monantha,high,900,-0.166666667,,
2,175,Arroyo et al. 2003,"50ᵒ48’S,73ᵒ10’W",,plant,Perezia pillifera,presence,Azorella monantha,high,900,0.789473684,,
2,176,Arroyo et al. 2003,"50ᵒ48’S,73ᵒ10’W",,plant,Poa alopecurus,presence,Azorella monantha,high,900,1,,
2,177,Arroyo et al. 2003,"50ᵒ48’S,73ᵒ10’W",,plant,Poa pratensis,presence,Azorella monantha,high,900,1,,
2,178,Arroyo et al. 2003,"50ᵒ48’S,73ᵒ10’W",,plant,Poa sp,presence,Azorella monantha,high,900,0.333333333,,
2,179,Arroyo et al. 2003,"50ᵒ48’S,73ᵒ10’W",,plant,Saxifraga magellanica,presence,Azorella monantha,high,900,1,,
2,180,Arroyo et al. 2003,"50ᵒ48’S,73ᵒ10’W",,plant,Senecio magellanicus,presence,Azorella monantha,high,900,0.375,,
2,181,Arroyo et al. 2003,"50ᵒ48’S,73ᵒ10’W",,plant,Trisetum phleoides,presence,Azorella monantha,high,900,0.846153846,,
2,182,Arroyo et al. 2003,"50ᵒ48’S,73ᵒ10’W",,plant,Vicia bijuga,presence,Azorella monantha,high,900,0.529411765,,
3,183,Badano et al. 2007,"33ᵒ,70ᵒW",,plant,Taraxacum officinale,abundance,Azorella monantha,low,3200,0.207729469,,
3,184,Badano et al. 2007,"33ᵒ,70ᵒW",,plant,Taraxacum officinale,abundance,Azorella monantha,mid,3400,0.530108588,,
3,185,Badano et al. 2007,"33ᵒ,70ᵒW",,plant,Taraxacum officinale,abundance,Azorella monantha,high,3600,0.481481481,,
3,186,Badano et al. 2007,"33ᵒ,70ᵒW",,plant,Cerastium arvense,abundance,Azorella monantha,low,3200,0.78097622,,
3,187,Badano et al. 2007,"33ᵒ,70ᵒW",,plant,Cerastium arvense,abundance,Azorella monantha,mid,3400,0.967718897,,
3,188,Badano et al. 2007,"33ᵒ,70ᵒW",,plant,Cerastium arvense,abundance,Azorella monantha,high,3600,1,,
4,189,"Cavieres et al., 2002","50ᵒ48’S,73ᵒ10’W",,plant,Acaena antarctica,presence,Bolax gummifera,low,700,0.333333333,,
4,190,"Cavieres et al., 2002","50ᵒ48’S,73ᵒ10’W",,plant,Acaena magellanica,presence,Bolax gummifera,low,700,1,,
4,191,"Cavieres et al., 2002","50ᵒ48’S,73ᵒ10’W",,plant,Acaena pinnatifida,presence,Bolax gummifera,low,700,0.230769231,,
4,192,"Cavieres et al., 2002","50ᵒ48’S,73ᵒ10’W",,plant,Adesmia lotoides,presence,Bolax gummifera,low,700,0.866666667,,
4,193,"Cavieres et al., 2002","50ᵒ48’S,73ᵒ10’W",,plant,Adesmia parvifolia,presence,Bolax gummifera,low,700,1,,
4,194,"Cavieres et al., 2002","50ᵒ48’S,73ᵒ10’W",,plant,Astragalus nivicola,presence,Bolax gummifera,low,700,1,,
4,195,"Cavieres et al., 2002","50ᵒ48’S,73ᵒ10’W",,plant,Azorella fuegiana,presence,Bolax gummifera,low,700,0,,
4,196,"Cavieres et al., 2002","50ᵒ48’S,73ᵒ10’W",,plant,Azorella lycopodioides,presence,Bolax gummifera,low,700,0.523809524,,
4,197,"Cavieres et al., 2002","50ᵒ48’S,73ᵒ10’W",,plant,Azorella monantha,presence,Bolax gummifera,low,700,-0.230769231,,
4,198,"Cavieres et al., 2002","50ᵒ48’S,73ᵒ10’W",,plant,Calceolaria uniflora,presence,Bolax gummifera,low,700,1,,
4,199,"Cavieres et al., 2002","50ᵒ48’S,73ᵒ10’W",,plant,Cerastium arvense,presence,Bolax gummifera,low,700,-0.071428571,,
4,200,"Cavieres et al., 2002","50ᵒ48’S,73ᵒ10’W",,plant,Colobanthus subulatus,presence,Bolax gummifera,low,700,0.2,,
4,201,"Cavieres et al., 2002","50ᵒ48’S,73ᵒ10’W",,plant,Draba funiculosa,presence,Bolax gummifera,low,700,-0.333333333,,
4,202,"Cavieres et al., 2002","50ᵒ48’S,73ᵒ10’W",,plant,Draba magellanica,presence,Bolax gummifera,low,700,0,,
4,203,"Cavieres et al., 2002","50ᵒ48’S,73ᵒ10’W",,plant,Elymus glaucescens,presence,Bolax gummifera,low,700,-1,,
4,204,"Cavieres et al., 2002","50ᵒ48’S,73ᵒ10’W",,plant,Empetrum rubrum,presence,Bolax gummifera,low,700,-0.166666667,,
4,205,"Cavieres et al., 2002","50ᵒ48’S,73ᵒ10’W",,plant,Erigeron leptopetalus,presence,Bolax gummifera,low,700,-0.5,,
4,206,"Cavieres et al., 2002","50ᵒ48’S,73ᵒ10’W",,plant,Festuca magellanica,presence,Bolax gummifera,low,700,0.916666667,,
4,207,"Cavieres et al., 2002","50ᵒ48’S,73ᵒ10’W",,plant,Gaultheria pumila,presence,Bolax gummifera,low,700,0,,
4,208,"Cavieres et al., 2002","50ᵒ48’S,73ᵒ10’W",,plant,Hamadryas kingii,presence,Bolax gummifera,low,700,0.230769231,,
4,209,"Cavieres et al., 2002","50ᵒ48’S,73ᵒ10’W",,plant,Hypochaeris incana,presence,Bolax gummifera,low,700,0,,
4,210,"Cavieres et al., 2002","50ᵒ48’S,73ᵒ10’W",,plant,Leucheria leontopodioides,presence,Bolax gummifera,low,700,0.272727273,,
4,211,"Cavieres et al., 2002","50ᵒ48’S,73ᵒ10’W",,plant,Luzula alopecurus,presence,Bolax gummifera,low,700,1,,
4,212,"Cavieres et al., 2002","50ᵒ48’S,73ᵒ10’W",,plant,Luzula chilensis,presence,Bolax gummifera,low,700,0.368421053,,
4,213,"Cavieres et al., 2002","50ᵒ48’S,73ᵒ10’W",,plant,Nassauvia aculeata,presence,Bolax gummifera,low,700,0.428571429,,
4,214,"Cavieres et al., 2002","50ᵒ48’S,73ᵒ10’W",,plant,Nassauvia revoluta,presence,Bolax gummifera,low,700,-1,,
4,215,"Cavieres et al., 2002","50ᵒ48’S,73ᵒ10’W",,plant,Oxalis enneaphylla,presence,Bolax gummifera,low,700,-1,,
4,216,"Cavieres et al., 2002","50ᵒ48’S,73ᵒ10’W",,plant,Perezia megalantha,presence,Bolax gummifera,low,700,-0.25,,
4,217,"Cavieres et al., 2002","50ᵒ48’S,73ᵒ10’W",,plant,Perezia pilifera,presence,Bolax gummifera,low,700,0.285714286,,
4,218,"Cavieres et al., 2002","50ᵒ48’S,73ᵒ10’W",,plant,Phleum alpinum,presence,Bolax gummifera,low,700,1,,
4,219,"Cavieres et al., 2002","50ᵒ48’S,73ᵒ10’W",,plant,Plantago uniglumis,presence,Bolax gummifera,low,700,0.2,,
4,220,"Cavieres et al., 2002","50ᵒ48’S,73ᵒ10’W",,plant,Poa alopecurus,presence,Bolax gummifera,low,700,1,,
4,221,"Cavieres et al., 2002","50ᵒ48’S,73ᵒ10’W",,plant,Poa pratensis,presence,Bolax gummifera,low,700,-0.066666667,,
4,222,"Cavieres et al., 2002","50ᵒ48’S,73ᵒ10’W",,plant,Poa spec.,presence,Bolax gummifera,low,700,0.4,,
4,223,"Cavieres et al., 2002","50ᵒ48’S,73ᵒ10’W",,plant,Senecio magellanicus,presence,Bolax gummifera,low,700,-0.666666667,,
4,224,"Cavieres et al., 2002","50ᵒ48’S,73ᵒ10’W",,plant,Trisetum spec.,presence,Bolax gummifera,low,700,0.272727273,,
4,225,"Cavieres et al., 2002","50ᵒ48’S,73ᵒ10’W",,plant,Vicia bijuga,presence,Bolax gummifera,low,700,0.6,,
4,226,"Cavieres et al., 2002","50ᵒ48’S,73ᵒ10’W",,plant,Abrotanella emarginata,presence,Bolax gummifera,high,900,1,,
4,227,"Cavieres et al., 2002","50ᵒ48’S,73ᵒ10’W",,plant,Acaena antarctica,presence,Bolax gummifera,high,900,1,,
4,228,"Cavieres et al., 2002","50ᵒ48’S,73ᵒ10’W",,plant,Acaena pinnatifida,presence,Bolax gummifera,high,900,1,,
4,229,"Cavieres et al., 2002","50ᵒ48’S,73ᵒ10’W",,plant,Astragalus nivicola,presence,Bolax gummifera,high,900,1,,
4,230,"Cavieres et al., 2002","50ᵒ48’S,73ᵒ10’W",,plant,Azorella fuegiana,presence,Bolax gummifera,high,900,1,,
4,231,"Cavieres et al., 2002","50ᵒ48’S,73ᵒ10’W",,plant,Azorella lycopodioides,presence,Bolax gummifera,high,900,1,,
4,232,"Cavieres et al., 2002","50ᵒ48’S,73ᵒ10’W",,plant,Azorella monantha,presence,Bolax gummifera,high,900,0.333333333,,
4,233,"Cavieres et al., 2002","50ᵒ48’S,73ᵒ10’W",,plant,Calceolaria uniflora,presence,Bolax gummifera,high,900,0,,
4,234,"Cavieres et al., 2002","50ᵒ48’S,73ᵒ10’W",,plant,Cerastium arvense,presence,Bolax gummifera,high,900,0.6,,
4,235,"Cavieres et al., 2002","50ᵒ48’S,73ᵒ10’W",,plant,Colobanthus subulatus,presence,Bolax gummifera,high,900,1,,
4,236,"Cavieres et al., 2002","50ᵒ48’S,73ᵒ10’W",,plant,Draba magellanica,presence,Bolax gummifera,high,900,1,,
4,237,"Cavieres et al., 2002","50ᵒ48’S,73ᵒ10’W",,plant,Empetrum rubrum,presence,Bolax gummifera,high,900,1,,
4,238,"Cavieres et al., 2002","50ᵒ48’S,73ᵒ10’W",,plant,Erigeron leptopetalus,presence,Bolax gummifera,high,900,1,,
4,239,"Cavieres et al., 2002","50ᵒ48’S,73ᵒ10’W",,plant,Festuca magellanica,presence,Bolax gummifera,high,900,0.625,,
4,240,"Cavieres et al., 2002","50ᵒ48’S,73ᵒ10’W",,plant,Gaultheria pumila,presence,Bolax gummifera,high,900,0.714285714,,
4,241,"Cavieres et al., 2002","50ᵒ48’S,73ᵒ10’W",,plant,Hamadryas kingii,presence,Bolax gummifera,high,900,-1,,
4,242,"Cavieres et al., 2002","50ᵒ48’S,73ᵒ10’W",,plant,Luzula alopecurus,presence,Bolax gummifera,high,900,0.684210526,,
4,243,"Cavieres et al., 2002","50ᵒ48’S,73ᵒ10’W",,plant,Luzula chilensis,presence,Bolax gummifera,high,900,1,,
4,244,"Cavieres et al., 2002","50ᵒ48’S,73ᵒ10’W",,plant,Nassauvia aculeata,presence,Bolax gummifera,high,900,0.666666667,,
4,245,"Cavieres et al., 2002","50ᵒ48’S,73ᵒ10’W",,plant,Nassauvia revoluta,presence,Bolax gummifera,high,900,-1,,
4,246,"Cavieres et al., 2002","50ᵒ48’S,73ᵒ10’W",,plant,Perezia megalantha,presence,Bolax gummifera,high,900,-1,,
4,247,"Cavieres et al., 2002","50ᵒ48’S,73ᵒ10’W",,plant,Perezia pilifera,presence,Bolax gummifera,high,900,1,,
4,248,"Cavieres et al., 2002","50ᵒ48’S,73ᵒ10’W",,plant,Plantago uniglumis,presence,Bolax gummifera,high,900,1,,
4,249,"Cavieres et al., 2002","50ᵒ48’S,73ᵒ10’W",,plant,Poa pratensis,presence,Bolax gummifera,high,900,1,,
4,250,"Cavieres et al., 2002","50ᵒ48’S,73ᵒ10’W",,plant,Poa spec.,presence,Bolax gummifera,high,900,0.25,,
4,251,"Cavieres et al., 2002","50ᵒ48’S,73ᵒ10’W",,plant,Senecio magellanicus,presence,Bolax gummifera,high,900,1,,
4,252,"Cavieres et al., 2002","50ᵒ48’S,73ᵒ10’W",,plant,Trisetum spec.,presence,Bolax gummifera,high,900,0.777777778,,
4,253,"Cavieres et al., 2002","50ᵒ48’S,73ᵒ10’W",,plant,all,diversity,Bolax gummifera,low,700,0.06,,
4,254,"Cavieres et al., 2002","50ᵒ48’S,73ᵒ10’W",,plant,all,abundance,Bolax gummifera,low,700,0.24,,
4,255,"Cavieres et al., 2002","50ᵒ48’S,73ᵒ10’W",,plant,all,abundance,Bolax gummifera,low,700,0.390625,,
4,256,"Cavieres et al., 2002","50ᵒ48’S,73ᵒ10’W",,plant,all,diversity,Bolax gummifera,high,900,0.2,,
4,257,"Cavieres et al., 2002","50ᵒ48’S,73ᵒ10’W",,plant,all,abundance,Bolax gummifera,high,900,0.6,,
4,258,"Cavieres et al., 2002","50ᵒ48’S,73ᵒ10’W",,plant,all,abundance,Bolax gummifera,high,900,0.620689655,,
5,259,"Cavieres et al., 2002","33ᵒ20’S,70ᵒ16’W",,plant,Taraxacum officinale,abundance,Azorella monantha,mid,3200,0.590643275,,
5,260,"Cavieres et al., 2002","33ᵒ20’S,70ᵒ16’W",,plant,Taraxacum officinale,abundace,Laretia acaulis,mid,3200,0.113924051,,
5,261,"Cavieres et al., 2002","33ᵒ20’S,70ᵒ16’W",,plant,Taraxacum officinale,presence,Azorella monantha,mid,3200,0.435897436,,
5,262,"Cavieres et al., 2002","33ᵒ20’S,70ᵒ16’W",,plant,Taraxacum officinale,presence,Laretia acaulis,mid,3200,0.153846154,,
6,263,"Cavieres et al., 2002","33ᵒ20’S,70ᵒ16’W",,plant,adesmia exillis,presence,Laretia acaulis,low,2800,0.333333333,,
6,264,"Cavieres et al., 2002","33ᵒ20’S,70ᵒ16’W",,plant,Berberis empetrifolia,presence,Laretia acaulis,low,2800,-0.5,,
6,265,"Cavieres et al., 2002","33ᵒ20’S,70ᵒ16’W",,plant,Bromus sp,presence,Laretia acaulis,low,2800,0.571428571,,
6,266,"Cavieres et al., 2002","33ᵒ20’S,70ᵒ16’W",,plant,Cerastium arvense,presence,Laretia acaulis,low,2800,0.714285714,,
6,267,"Cavieres et al., 2002","33ᵒ20’S,70ᵒ16’W",,plant,Chaetanthera euphrasiodes,presence,Laretia acaulis,low,2800,-1,,
6,268,"Cavieres et al., 2002","33ᵒ20’S,70ᵒ16’W",,plant,Chaetanthera pusilla,presence,Laretia acaulis,low,2800,-1,,
6,269,"Cavieres et al., 2002","33ᵒ20’S,70ᵒ16’W",,plant,Churquiraga oppositifolia,presence,Laretia acaulis,low,2800,-0.454545455,,
6,270,"Cavieres et al., 2002","33ᵒ20’S,70ᵒ16’W",,plant,Euphorbia collina,presence,Laretia acaulis,low,2800,0,,
6,271,"Cavieres et al., 2002","33ᵒ20’S,70ᵒ16’W",,plant,Galium araucanum,presence,Laretia acaulis,low,2800,1,,
6,272,"Cavieres et al., 2002","33ᵒ20’S,70ᵒ16’W",,plant,Haplopappus scrobiculatus,presence,Laretia acaulis,low,2800,0.6,,
6,273,"Cavieres et al., 2002","33ᵒ20’S,70ᵒ16’W",,plant,Hordeum comosum,presence,Laretia acaulis,low,2800,0.571428571,,
6,274,"Cavieres et al., 2002","33ᵒ20’S,70ᵒ16’W",,plant,Microsteris gracilis,presence,Laretia acaulis,low,2800,-0.333333333,,
6,275,"Cavieres et al., 2002","33ᵒ20’S,70ᵒ16’W",,plant,Nassauvia pyramidalis,presence,Laretia acaulis,low,2800,-0.03030303,,
6,276,"Cavieres et al., 2002","33ᵒ20’S,70ᵒ16’W",,plant,Poa spp,presence,Laretia acaulis,low,2800,0.515151515,,
6,277,"Cavieres et al., 2002","33ᵒ20’S,70ᵒ16’W",,plant,Senecio polygaloides,presence,Laretia acaulis,low,2800,0.357142857,,
6,278,"Cavieres et al., 2002","33ᵒ20’S,70ᵒ16’W",,plant,Taraxacum officinale,presence,Laretia acaulis,low,2800,0.777777778,,
6,279,"Cavieres et al., 2002","33ᵒ20’S,70ᵒ16’W",,plant,Thlaspi magellancium,presence,Laretia acaulis,low,2800,1,,
6,280,"Cavieres et al., 2002","33ᵒ20’S,70ᵒ16’W",,plant,adesmia exillis,presence,Laretia acaulis,low,2800,-1,,
6,281,"Cavieres et al., 2002","33ᵒ20’S,70ᵒ16’W",,plant,Berberis empetrifolia,presence,Laretia acaulis,low,2800,0,,
6,282,"Cavieres et al., 2002","33ᵒ20’S,70ᵒ16’W",,plant,Bromus sp,presence,Laretia acaulis,low,2800,-1,,
6,283,"Cavieres et al., 2002","33ᵒ20’S,70ᵒ16’W",,plant,Cerastium arvense,presence,Laretia acaulis,low,2800,1,,
6,284,"Cavieres et al., 2002","33ᵒ20’S,70ᵒ16’W",,plant,Chaetanthera planiseta,presence,Laretia acaulis,low,2800,-1,,
6,285,"Cavieres et al., 2002","33ᵒ20’S,70ᵒ16’W",,plant,Churquiraga oppositifolia,presence,Laretia acaulis,low,2800,1,,
6,286,"Cavieres et al., 2002","33ᵒ20’S,70ᵒ16’W",,plant,Euphorbia collina,presence,Laretia acaulis,low,2800,1,,
6,287,"Cavieres et al., 2002","33ᵒ20’S,70ᵒ16’W",,plant,Hordeum comosum,presence,Laretia acaulis,low,2800,0.8,,
6,288,"Cavieres et al., 2002","33ᵒ20’S,70ᵒ16’W",,plant,Nassauvia aculeata,presence,Laretia acaulis,low,2800,0.130434783,,
6,289,"Cavieres et al., 2002","33ᵒ20’S,70ᵒ16’W",,plant,Poa spp,presence,Laretia acaulis,low,2800,0.575757576,,
6,290,"Cavieres et al., 2002","33ᵒ20’S,70ᵒ16’W",,plant,Senecio polygaloides,presence,Laretia acaulis,low,2800,0.7,,
6,291,"Cavieres et al., 2002","33ᵒ20’S,70ᵒ16’W",,plant,Taraxacum officinale,presence,Laretia acaulis,low,2800,1,,
6,292,"Cavieres et al., 2002","33ᵒ20’S,70ᵒ16’W",,plant,Thlaspi magellancium,presence,Laretia acaulis,low,2800,1,,
6,293,"Cavieres et al., 2002","33ᵒ20’S,70ᵒ16’W",,plant,Bearneoudia major,presence,Laretia acaulis,high,3200,-1,,
6,294,"Cavieres et al., 2002","33ᵒ20’S,70ᵒ16’W",,plant,carex sp,presence,Laretia acaulis,high,3200,1,,
6,295,"Cavieres et al., 2002","33ᵒ20’S,70ᵒ16’W",,plant,Cerastium arvense,presence,Laretia acaulis,high,3200,0.076923077,,
6,296,"Cavieres et al., 2002","33ᵒ20’S,70ᵒ16’W",,plant,Chaetanthera euphrasiodes,presence,Laretia acaulis,high,3200,-1,,
6,297,"Cavieres et al., 2002","33ᵒ20’S,70ᵒ16’W",,plant,Chaetanthera pusilla,presence,Laretia acaulis,high,3200,-1,,
6,298,"Cavieres et al., 2002","33ᵒ20’S,70ᵒ16’W",,plant,Churquiraga oppositifolia,presence,Laretia acaulis,high,3200,-1,,
6,299,"Cavieres et al., 2002","33ᵒ20’S,70ᵒ16’W",,plant,Erigeron andicola,presence,Laretia acaulis,high,3200,0.5,,
6,300,"Cavieres et al., 2002","33ᵒ20’S,70ᵒ16’W",,plant,Euphorbia collina,presence,Laretia acaulis,high,3200,-1,,
6,301,"Cavieres et al., 2002","33ᵒ20’S,70ᵒ16’W",,plant,Hordeum comosum,presence,Laretia acaulis,high,3200,-0.25,,
6,302,"Cavieres et al., 2002","33ᵒ20’S,70ᵒ16’W",,plant,Montiopsis andicola,presence,Laretia acaulis,high,3200,0.538461538,,
6,303,"Cavieres et al., 2002","33ᵒ20’S,70ᵒ16’W",,plant,Nassauvia pyramidalis,presence,Laretia acaulis,high,3200,-1,,
6,304,"Cavieres et al., 2002","33ᵒ20’S,70ᵒ16’W",,plant,Poa spp,presence,Laretia acaulis,high,3200,0.142857143,,
6,305,"Cavieres et al., 2002","33ᵒ20’S,70ᵒ16’W",,plant,Senecio polygaloides,presence,Laretia acaulis,high,3200,0.111111111,,
6,306,"Cavieres et al., 2002","33ᵒ20’S,70ᵒ16’W",,plant,Taraxacum officinale,presence,Laretia acaulis,high,3200,0.142857143,,
6,307,"Cavieres et al., 2002","33ᵒ20’S,70ᵒ16’W",,plant,Thlaspi magellancium,presence,Laretia acaulis,high,3200,0.25,,
6,308,"Cavieres et al., 2002","33ᵒ20’S,70ᵒ16’W",,plant,Viola philippi,presence,Laretia acaulis,high,3200,-0.846153846,,
6,309,"Cavieres et al., 2002","33ᵒ20’S,70ᵒ16’W",,plant,Bromus sp,presence,Laretia acaulis,high,3200,0.846153846,,
6,310,"Cavieres et al., 2002","33ᵒ20’S,70ᵒ16’W",,plant,Cerastium arvense,presence,Laretia acaulis,high,3200,0,,
6,311,"Cavieres et al., 2002","33ᵒ20’S,70ᵒ16’W",,plant,Chaetanthera apiculata,presence,Laretia acaulis,high,3200,1,,
6,312,"Cavieres et al., 2002","33ᵒ20’S,70ᵒ16’W",,plant,Chaetanthera euphrasiodes,presence,Laretia acaulis,high,3200,-1,,
6,313,"Cavieres et al., 2002","33ᵒ20’S,70ᵒ16’W",,plant,Chaetanthera pusilla,presence,Laretia acaulis,high,3200,-1,,
6,314,"Cavieres et al., 2002","33ᵒ20’S,70ᵒ16’W",,plant,Erigeron andicola,presence,Laretia acaulis,high,3200,1,,
6,315,"Cavieres et al., 2002","33ᵒ20’S,70ᵒ16’W",,plant,Hordeum comosum,presence,Laretia acaulis,high,3200,0.272727273,,
6,316,"Cavieres et al., 2002","33ᵒ20’S,70ᵒ16’W",,plant,Montiopsis andicola,presence,Laretia acaulis,high,3200,1,,
6,317,"Cavieres et al., 2002","33ᵒ20’S,70ᵒ16’W",,plant,Nassauvia pyramidalis,presence,Laretia acaulis,high,3200,0.333333333,,
6,318,"Cavieres et al., 2002","33ᵒ20’S,70ᵒ16’W",,plant,Poa spp,presence,Laretia acaulis,high,3200,-0.6,,
6,319,"Cavieres et al., 2002","33ᵒ20’S,70ᵒ16’W",,plant,Senecio polygaloides,presence,Laretia acaulis,high,3200,0.375,,
6,320,"Cavieres et al., 2002","33ᵒ20’S,70ᵒ16’W",,plant,Taraxacum officinale,presence,Laretia acaulis,high,3200,0,,
6,321,"Cavieres et al., 2002","33ᵒ20’S,70ᵒ16’W",,plant,Thlaspi magellancium,presence,Laretia acaulis,high,3200,-1,,
6,322,"Cavieres et al., 2002","33ᵒ20’S,70ᵒ16’W",,plant,Viola philippi,presence,Laretia acaulis,high,3200,-1,,
6,323,"Cavieres et al., 2002","33ᵒ20’S,70ᵒ16’W",,plant,all,diversity,Laretia acaulis,low,2800,0.066666667,,
6,324,"Cavieres et al., 2002","33ᵒ20’S,70ᵒ16’W",,plant,all,diversity,Laretia acaulis,low,2800,0.034482759,,
6,325,"Cavieres et al., 2002","33ᵒ20’S,70ᵒ16’W",,plant,all,diversity,Laretia acaulis,high,3200,-0.225806452,,
6,326,"Cavieres et al., 2002","33ᵒ20’S,70ᵒ16’W",,plant,all,diversity,Laretia acaulis,high,3200,-0.1875,,
7,327,"Cavieres et al., 2002","33ᵒ20’S,70ᵒ16’W",,plant,many,diversity,Pycnophyllum bryoides,mid,4300,0.249296567,,
7,328,"Cavieres et al., 2002","33ᵒ20’S,70ᵒ16’W",,plant,many,diversity,Adesmia subterranea,mid,3700,0.418604651,,
7,329,"Cavieres et al., 2002","33ᵒ20’S,70ᵒ16’W",,plant,many,diversity,Azorella madreporica,mid,4000,0.449797389,,
7,330,"Cavieres et al., 2002","33ᵒ20’S,70ᵒ16’W",,plant,many,diversity,Azorella madreporica,mid,3600,0.14,,
7,331,"Cavieres et al., 2002","33ᵒ20’S,70ᵒ16’W",,plant,many,diversity,Laretia acaulis,mid,3200,0.201309329,,
7,332,"Cavieres et al., 2002","33ᵒ20’S,70ᵒ16’W",,plant,many,diversity,Oreopolus glacialis,mid,1900,0.183823529,,
7,333,"Cavieres et al., 2002","33ᵒ20’S,70ᵒ16’W",,plant,many,diversity,Discaria nana,mid,1600,0.525320317,,
7,334,"Cavieres et al., 2002","33ᵒ20’S,70ᵒ16’W",,plant,many,diversity,Mulinum leptacapthum,mid,1600,0.525320317,,
7,335,"Cavieres et al., 2002","33ᵒ20’S,70ᵒ16’W",,plant,many,diversity,Oreopolus glacialis,mid,1600,0.516469857,,
7,336,"Cavieres et al., 2002","33ᵒ20’S,70ᵒ16’W",,plant,many,diversity,Azorella monantha,mid,900,0.377176015,,
7,337,"Cavieres et al., 2002","33ᵒ20’S,70ᵒ16’W",,plant,many,diversity,Bolax gummifera,mid,900,0.360576923,,
8,338,"de bello et al., 2011","33ᵒ05′N, 78ᵒ27′E","33ᵒ05′N, 78ᵒ27′E",plant,Aphragmus oxycarpus,presence,Thylacospermum caespitosum,mid,5900,-0.6,,
8,339,"de bello et al., 2011","33ᵒ05′N, 78ᵒ27′E","33ᵒ05′N, 78ᵒ27′E",plant,Draba altaica,presence,Thylacospermum caespitosum,mid,5900,-0.764705882,,
8,340,"de bello et al., 2011","33ᵒ05′N, 78ᵒ27′E","33ᵒ05′N, 78ᵒ27′E",plant,Draba oreades,presence,Thylacospermum caespitosum,mid,5900,-1,,
8,341,"de bello et al., 2011","33ᵒ05′N, 78ᵒ27′E","33ᵒ05′N, 78ᵒ27′E",plant,Eritrichium hemisphaericum,presence,Thylacospermum caespitosum,mid,5900,-1,,
8,342,"de bello et al., 2011","33ᵒ05′N, 78ᵒ27′E","33ᵒ05′N, 78ᵒ27′E",plant,Poa attennuata,presence,Thylacospermum caespitosum,mid,5900,-0.621621622,,
8,343,"de bello et al., 2011","33ᵒ05′N, 78ᵒ27′E","33ᵒ05′N, 78ᵒ27′E",plant,Saussurea glacialis,presence,Thylacospermum caespitosum,mid,5900,0.090909091,,
8,344,"de bello et al., 2011","33ᵒ05′N, 78ᵒ27′E","33ᵒ05′N, 78ᵒ27′E",plant,Saussurea gnaphaloides,presence,Thylacospermum caespitosum,mid,5900,1,,
8,345,"de bello et al., 2011","33ᵒ05′N, 78ᵒ27′E","33ᵒ05′N, 78ᵒ27′E",plant,Saussera sp,presence,Thylacospermum caespitosum,mid,5900,-0.529411765,,
8,347,"de bello et al., 2011","33ᵒ05′N, 78ᵒ27′E","33ᵒ05′N, 78ᵒ27′E",plant,Saxifraga nanella,presence,Thylacospermum caespitosum,mid,5900,-1,,
8,349,"de bello et al., 2011","33ᵒ05′N, 78ᵒ27′E","33ᵒ05′N, 78ᵒ27′E",plant,Stellaria decumbens,presence,Thylacospermum caespitosum,mid,5900,-1,,
8,350,"de bello et al., 2011","33ᵒ05′N, 78ᵒ27′E","33ᵒ05′N, 78ᵒ27′E",plant,Stellaria depressa,presence,Thylacospermum caespitosum,mid,5900,-0.333333333,,
9,351,"Dvorsky et al., 2013","34ᵒ45'N, 77ᵒ35'E",,plant,Poa attenuata,presence,Thylacospermum caespitosum,low,4850,-0.19047619,,
9,352,"Dvorsky et al., 2013","34ᵒ45'N, 77ᵒ35'E",,plant,Potentilla pamirica,presence,Thylacospermum caespitosum,low,4850,-1,,
9,353,"Dvorsky et al., 2013","34ᵒ45'N, 77ᵒ35'E",,plant,Astragalus strictus,presence,Thylacospermum caespitosum,low,4850,-0.2,,
9,354,"Dvorsky et al., 2013","34ᵒ45'N, 77ᵒ35'E",,plant,leontopodium leontopodinum,presence,Thylacospermum caespitosum,low,4850,-1,,
9,355,"Dvorsky et al., 2013","34ᵒ45'N, 77ᵒ35'E",,plant,oxytropis densa,presence,Thylacospermum caespitosum,low,4850,-0.05,,
9,356,"Dvorsky et al., 2013","34ᵒ45'N, 77ᵒ35'E",,plant,artemisia minor,presence,Thylacospermum caespitosum,low,4850,0,,
9,357,"Dvorsky et al., 2013","34ᵒ45'N, 77ᵒ35'E",,plant,carex pseudofoetida,presence,Thylacospermum caespitosum,low,4850,-0.510204082,,
9,358,"Dvorsky et al., 2013","34ᵒ45'N, 77ᵒ35'E",,plant,tanacetum tibeticum,presence,Thylacospermum caespitosum,low,4850,-0.130434783,,
9,359,"Dvorsky et al., 2013","34ᵒ45'N, 77ᵒ35'E",,plant,potentilla bifurca,presence,Thylacospermum caespitosum,low,4850,-0.285714286,,
9,360,"Dvorsky et al., 2013","34ᵒ45'N, 77ᵒ35'E",,plant,lloydia serotina,presence,Thylacospermum caespitosum,low,4850,-0.166666667,,
9,361,"Dvorsky et al., 2013","34ᵒ45'N, 77ᵒ35'E",,plant,potentilla gelida,presence,Thylacospermum caespitosum,low,4850,0.066666667,,
9,362,"Dvorsky et al., 2013","34ᵒ45'N, 77ᵒ35'E",,plant,oxytropis playsema,presence,Thylacospermum caespitosum,low,4850,-0.428571429,,
9,363,"Dvorsky et al., 2013","34ᵒ45'N, 77ᵒ35'E",,plant,carex sp,presence,Thylacospermum caespitosum,low,4850,0.984126984,,
9,364,"Dvorsky et al., 2013","34ᵒ45'N, 77ᵒ35'E",,plant,Gentianella azurea,presence,Thylacospermum caespitosum,low,4850,-0.6,,
9,365,"Dvorsky et al., 2013","34ᵒ45'N, 77ᵒ35'E",,plant,Artemisia santolinifolia,presence,Thylacospermum caespitosum,low,4850,-1,,
9,366,"Dvorsky et al., 2013","34ᵒ45'N, 77ᵒ35'E",,plant,elymus schugnanicus,presence,Thylacospermum caespitosum,low,4850,-0.142857143,,
9,367,"Dvorsky et al., 2013","34ᵒ45'N, 77ᵒ35'E",,plant,ephedra geradiana,presence,Thylacospermum caespitosum,low,4850,0.333333333,,
9,368,"Dvorsky et al., 2013","34ᵒ45'N, 77ᵒ35'E",,plant,oxytropis pusilla,presence,Thylacospermum caespitosum,low,4850,-1,,
9,369,"Dvorsky et al., 2013","34ᵒ45'N, 77ᵒ35'E",,plant,utrica hyperborea,presence,Thylacospermum caespitosum,low,4850,-1,,
9,370,"Dvorsky et al., 2013","34ᵒ45'N, 77ᵒ35'E",,plant,potentilla saundersiana,presence,Thylacospermum caespitosum,low,4850,-1,,
9,371,"Dvorsky et al., 2013","34ᵒ45'N, 77ᵒ35'E",,plant,lomatogonium thomsonii,presence,Thylacospermum caespitosum,low,4850,-1,,
9,372,"Dvorsky et al., 2013","34ᵒ45'N, 77ᵒ35'E",,plant,Poa attenuata,presence,Thylacospermum caespitosum,mid,5000,-0.238095238,,
9,373,"Dvorsky et al., 2013","34ᵒ45'N, 77ᵒ35'E",,plant,Potentilla pamirica,presence,Thylacospermum caespitosum,mid,5000,-0.333333333,,
9,374,"Dvorsky et al., 2013","34ᵒ45'N, 77ᵒ35'E",,plant,oxytropis tatarica,presence,Thylacospermum caespitosum,mid,5000,-0.666666667,,
9,375,"Dvorsky et al., 2013","34ᵒ45'N, 77ᵒ35'E",,plant,Astragalus strictus,presence,Thylacospermum caespitosum,mid,5000,-0.352941176,,
9,376,"Dvorsky et al., 2013","34ᵒ45'N, 77ᵒ35'E",,plant,Draba altaica,presence,Thylacospermum caespitosum,mid,5000,-0.333333333,,
9,377,"Dvorsky et al., 2013","34ᵒ45'N, 77ᵒ35'E",,plant,leontopodium leontopodinum,presence,Thylacospermum caespitosum,mid,5000,-0.714285714,,
9,378,"Dvorsky et al., 2013","34ᵒ45'N, 77ᵒ35'E",,plant,oxytropis densa,presence,Thylacospermum caespitosum,mid,5000,-0.44,,
9,379,"Dvorsky et al., 2013","34ᵒ45'N, 77ᵒ35'E",,plant,artemisia minor,presence,Thylacospermum caespitosum,mid,5000,-0.090909091,,
9,380,"Dvorsky et al., 2013","34ᵒ45'N, 77ᵒ35'E",,plant,carex pseudofoetida,presence,Thylacospermum caespitosum,mid,5000,-0.185185185,,
9,381,"Dvorsky et al., 2013","34ᵒ45'N, 77ᵒ35'E",,plant,tanacetum tibeticum,presence,Thylacospermum caespitosum,mid,5000,0.058823529,,
9,382,"Dvorsky et al., 2013","34ᵒ45'N, 77ᵒ35'E",,plant,potentilla bifurca,presence,Thylacospermum caespitosum,mid,5000,-0.466666667,,
9,383,"Dvorsky et al., 2013","34ᵒ45'N, 77ᵒ35'E",,plant,lloydia serotina,presence,Thylacospermum caespitosum,mid,5000,0,,
9,384,"Dvorsky et al., 2013","34ᵒ45'N, 77ᵒ35'E",,plant,elymus schrekianus,presence,Thylacospermum caespitosum,mid,5000,-1,,
9,385,"Dvorsky et al., 2013","34ᵒ45'N, 77ᵒ35'E",,plant,potentilla gelida,presence,Thylacospermum caespitosum,mid,5000,1,,
9,386,"Dvorsky et al., 2013","34ᵒ45'N, 77ᵒ35'E",,plant,potentilla multifida agg,presence,Thylacospermum caespitosum,mid,5000,-0.894736842,,
9,387,"Dvorsky et al., 2013","34ᵒ45'N, 77ᵒ35'E",,plant,oxytropis playsema,presence,Thylacospermum caespitosum,mid,5000,0.555555556,,
9,388,"Dvorsky et al., 2013","34ᵒ45'N, 77ᵒ35'E",,plant,saussurea glaciallis,presence,Thylacospermum caespitosum,mid,5000,-0.75,,
9,389,"Dvorsky et al., 2013","34ᵒ45'N, 77ᵒ35'E",,plant,Taraxacum spp,presence,Thylacospermum caespitosum,mid,5000,1,,
9,390,"Dvorsky et al., 2013","34ᵒ45'N, 77ᵒ35'E",,plant,Trisetum spicatum,presence,Thylacospermum caespitosum,mid,5000,-0.25,,
9,391,"Dvorsky et al., 2013","34ᵒ45'N, 77ᵒ35'E",,plant,oxytropis chiliophylla,presence,Thylacospermum caespitosum,mid,5000,-0.333333333,,
9,392,"Dvorsky et al., 2013","34ᵒ45'N, 77ᵒ35'E",,plant,carex sp,presence,Thylacospermum caespitosum,mid,5000,-1,,
9,393,"Dvorsky et al., 2013","34ᵒ45'N, 77ᵒ35'E",,plant,braya humillis,presence,Thylacospermum caespitosum,mid,5000,1,,
9,394,"Dvorsky et al., 2013","34ᵒ45'N, 77ᵒ35'E",,plant,thalictrum alpinum,presence,Thylacospermum caespitosum,mid,5000,-0.6,,
9,395,"Dvorsky et al., 2013","34ᵒ45'N, 77ᵒ35'E",,plant,aster flaccidus,presence,Thylacospermum caespitosum,mid,5000,-1,,
9,396,"Dvorsky et al., 2013","34ᵒ45'N, 77ᵒ35'E",,plant,utrica hyperborea,presence,Thylacospermum caespitosum,mid,5000,1,,
9,397,"Dvorsky et al., 2013","34ᵒ45'N, 77ᵒ35'E",,plant,waldheimia tridactylites,presence,Thylacospermum caespitosum,mid,5000,0,,
9,398,"Dvorsky et al., 2013","34ᵒ45'N, 77ᵒ35'E",,plant,Poa attenuata,presence,Thylacospermum caespitosum,mid,5100,-0.224489796,,
9,399,"Dvorsky et al., 2013","34ᵒ45'N, 77ᵒ35'E",,plant,Potentilla pamirica,presence,Thylacospermum caespitosum,mid,5100,-0.181818182,,
9,400,"Dvorsky et al., 2013","34ᵒ45'N, 77ᵒ35'E",,plant,oxytropis tatarica,presence,Thylacospermum caespitosum,mid,5100,-0.163636364,,
9,401,"Dvorsky et al., 2013","34ᵒ45'N, 77ᵒ35'E",,plant,Astragalus strictus,presence,Thylacospermum caespitosum,mid,5100,-1,,
9,402,"Dvorsky et al., 2013","34ᵒ45'N, 77ᵒ35'E",,plant,Draba altaica,presence,Thylacospermum caespitosum,mid,5100,-0.25,,
9,403,"Dvorsky et al., 2013","34ᵒ45'N, 77ᵒ35'E",,plant,leontopodium leontopodinum,presence,Thylacospermum caespitosum,mid,5100,-0.230769231,,
9,404,"Dvorsky et al., 2013","34ᵒ45'N, 77ᵒ35'E",,plant,oxytropis densa,presence,Thylacospermum caespitosum,mid,5100,0.333333333,,
9,405,"Dvorsky et al., 2013","34ᵒ45'N, 77ᵒ35'E",,plant,tanacetum tibeticum,presence,Thylacospermum caespitosum,mid,5100,-0.333333333,,
9,406,"Dvorsky et al., 2013","34ᵒ45'N, 77ᵒ35'E",,plant,potentilla bifurca,presence,Thylacospermum caespitosum,mid,5100,-0.5,,
9,407,"Dvorsky et al., 2013","34ᵒ45'N, 77ᵒ35'E",,plant,potentilla gelida,presence,Thylacospermum caespitosum,mid,5100,0.666666667,,
9,408,"Dvorsky et al., 2013","34ᵒ45'N, 77ᵒ35'E",,plant,potentilla multifida agg,presence,Thylacospermum caespitosum,mid,5100,-1,,
9,409,"Dvorsky et al., 2013","34ᵒ45'N, 77ᵒ35'E",,plant,Taraxacum spp,presence,Thylacospermum caespitosum,mid,5100,1,,
9,410,"Dvorsky et al., 2013","34ᵒ45'N, 77ᵒ35'E",,plant,Trisetum spicatum,presence,Thylacospermum caespitosum,mid,5100,-1,,
9,411,"Dvorsky et al., 2013","34ᵒ45'N, 77ᵒ35'E",,plant,saussurea gnaphalodes,presence,Thylacospermum caespitosum,mid,5100,1,,
9,412,"Dvorsky et al., 2013","34ᵒ45'N, 77ᵒ35'E",,plant,Poa attenuata,presence,Thylacospermum caespitosum,mid,5250,-0.154929577,,
9,413,"Dvorsky et al., 2013","34ᵒ45'N, 77ᵒ35'E",,plant,Potentilla pamirica,presence,Thylacospermum caespitosum,mid,5250,0.033333333,,
9,414,"Dvorsky et al., 2013","34ᵒ45'N, 77ᵒ35'E",,plant,oxytropis tatarica,presence,Thylacospermum caespitosum,mid,5250,-0.230769231,,
9,415,"Dvorsky et al., 2013","34ᵒ45'N, 77ᵒ35'E",,plant,Draba altaica,presence,Thylacospermum caespitosum,mid,5250,-0.11627907,,
9,416,"Dvorsky et al., 2013","34ᵒ45'N, 77ᵒ35'E",,plant,leontopodium leontopodinum,presence,Thylacospermum caespitosum,mid,5250,-0.153846154,,
9,417,"Dvorsky et al., 2013","34ᵒ45'N, 77ᵒ35'E",,plant,oxytropis densa,presence,Thylacospermum caespitosum,mid,5250,0,,
9,418,"Dvorsky et al., 2013","34ᵒ45'N, 77ᵒ35'E",,plant,tanacetum tibeticum,presence,Thylacospermum caespitosum,mid,5250,0,,
9,419,"Dvorsky et al., 2013","34ᵒ45'N, 77ᵒ35'E",,plant,potentilla bifurca,presence,Thylacospermum caespitosum,mid,5250,-0.111111111,,
9,420,"Dvorsky et al., 2013","34ᵒ45'N, 77ᵒ35'E",,plant,elymus schrekianus,presence,Thylacospermum caespitosum,mid,5250,0.090909091,,
9,421,"Dvorsky et al., 2013","34ᵒ45'N, 77ᵒ35'E",,plant,potentilla gelida,presence,Thylacospermum caespitosum,mid,5250,1,,
9,422,"Dvorsky et al., 2013","34ᵒ45'N, 77ᵒ35'E",,plant,saussurea glaciallis,presence,Thylacospermum caespitosum,mid,5250,0,,
9,423,"Dvorsky et al., 2013","34ᵒ45'N, 77ᵒ35'E",,plant,Taraxacum spp,presence,Thylacospermum caespitosum,mid,5250,0,,
9,424,"Dvorsky et al., 2013","34ᵒ45'N, 77ᵒ35'E",,plant,Trisetum spicatum,presence,Thylacospermum caespitosum,mid,5250,0,,
9,425,"Dvorsky et al., 2013","34ᵒ45'N, 77ᵒ35'E",,plant,oxytropis chiliophylla,presence,Thylacospermum caespitosum,mid,5250,1,,
9,426,"Dvorsky et al., 2013","34ᵒ45'N, 77ᵒ35'E",,plant,Gentianella azurea,presence,Thylacospermum caespitosum,mid,5250,-1,,
9,427,"Dvorsky et al., 2013","34ᵒ45'N, 77ᵒ35'E",,plant,braya humillis,presence,Thylacospermum caespitosum,mid,5250,-1,,
9,428,"Dvorsky et al., 2013","34ᵒ45'N, 77ᵒ35'E",,plant,thalictrum alpinum,presence,Thylacospermum caespitosum,mid,5250,-0.5,,
9,429,"Dvorsky et al., 2013","34ᵒ45'N, 77ᵒ35'E",,plant,aster flaccidus,presence,Thylacospermum caespitosum,mid,5250,-0.333333333,,
9,430,"Dvorsky et al., 2013","34ᵒ45'N, 77ᵒ35'E",,plant,oxytropis pusilla,presence,Thylacospermum caespitosum,mid,5250,-1,,
9,431,"Dvorsky et al., 2013","34ᵒ45'N, 77ᵒ35'E",,plant,saussurea gnaphalodes,presence,Thylacospermum caespitosum,mid,5250,1,,
9,432,"Dvorsky et al., 2013","34ᵒ45'N, 77ᵒ35'E",,plant,carex borii,presence,Thylacospermum caespitosum,mid,5250,-1,,
9,433,"Dvorsky et al., 2013","34ᵒ45'N, 77ᵒ35'E",,plant,kobresia schoenoides,presence,Thylacospermum caespitosum,mid,5250,1,,
9,434,"Dvorsky et al., 2013","34ᵒ45'N, 77ᵒ35'E",,plant,sibbaldia tetranda,presence,Thylacospermum caespitosum,mid,5250,-1,,
9,435,"Dvorsky et al., 2013","34ᵒ45'N, 77ᵒ35'E",,plant,Poa attenuata,presence,Thylacospermum caespitosum,mid,5350,-0.268292683,,
9,436,"Dvorsky et al., 2013","34ᵒ45'N, 77ᵒ35'E",,plant,oxytropis tatarica,presence,Thylacospermum caespitosum,mid,5350,-0.333333333,,
9,437,"Dvorsky et al., 2013","34ᵒ45'N, 77ᵒ35'E",,plant,Draba altaica,presence,Thylacospermum caespitosum,mid,5350,0.416666667,,
9,438,"Dvorsky et al., 2013","34ᵒ45'N, 77ᵒ35'E",,plant,artemisia minor,presence,Thylacospermum caespitosum,mid,5350,-0.428571429,,
9,439,"Dvorsky et al., 2013","34ᵒ45'N, 77ᵒ35'E",,plant,tanacetum tibeticum,presence,Thylacospermum caespitosum,mid,5350,-1,,
9,440,"Dvorsky et al., 2013","34ᵒ45'N, 77ᵒ35'E",,plant,potentilla bifurca,presence,Thylacospermum caespitosum,mid,5350,-0.6,,
9,441,"Dvorsky et al., 2013","34ᵒ45'N, 77ᵒ35'E",,plant,lloydia serotina,presence,Thylacospermum caespitosum,mid,5350,-0.047619048,,
9,442,"Dvorsky et al., 2013","34ᵒ45'N, 77ᵒ35'E",,plant,elymus schrekianus,presence,Thylacospermum caespitosum,mid,5350,-0.2,,
9,443,"Dvorsky et al., 2013","34ᵒ45'N, 77ᵒ35'E",,plant,potentilla gelida,presence,Thylacospermum caespitosum,mid,5350,-0.789473684,,
9,444,"Dvorsky et al., 2013","34ᵒ45'N, 77ᵒ35'E",,plant,oxytropis playsema,presence,Thylacospermum caespitosum,mid,5350,-0.333333333,,
9,445,"Dvorsky et al., 2013","34ᵒ45'N, 77ᵒ35'E",,plant,Taraxacum spp,presence,Thylacospermum caespitosum,mid,5350,-0.555555556,,
9,446,"Dvorsky et al., 2013","34ᵒ45'N, 77ᵒ35'E",,plant,Trisetum spicatum,presence,Thylacospermum caespitosum,mid,5350,-0.555555556,,
9,447,"Dvorsky et al., 2013","34ᵒ45'N, 77ᵒ35'E",,plant,Gentianella azurea,presence,Thylacospermum caespitosum,mid,5350,-0.142857143,,
9,448,"Dvorsky et al., 2013","34ᵒ45'N, 77ᵒ35'E",,plant,Artemisia santolinifolia,presence,Thylacospermum caespitosum,mid,5350,-1,,
9,449,"Dvorsky et al., 2013","34ᵒ45'N, 77ᵒ35'E",,plant,elymus schugnanicus,presence,Thylacospermum caespitosum,mid,5350,-1,,
9,450,"Dvorsky et al., 2013","34ᵒ45'N, 77ᵒ35'E",,plant,ephedra geradiana,presence,Thylacospermum caespitosum,mid,5350,-1,,
9,451,"Dvorsky et al., 2013","34ᵒ45'N, 77ᵒ35'E",,plant,oxytropis pusilla,presence,Thylacospermum caespitosum,mid,5350,-1,,
9,452,"Dvorsky et al., 2013","34ᵒ45'N, 77ᵒ35'E",,plant,Poa attenuata,presence,Thylacospermum caespitosum,mid,5600,-0.15,,
9,453,"Dvorsky et al., 2013","34ᵒ45'N, 77ᵒ35'E",,plant,Potentilla pamirica,presence,Thylacospermum caespitosum,mid,5600,-0.322033898,,
9,454,"Dvorsky et al., 2013","34ᵒ45'N, 77ᵒ35'E",,plant,oxytropis tatarica,presence,Thylacospermum caespitosum,mid,5600,-0.25,,
9,455,"Dvorsky et al., 2013","34ᵒ45'N, 77ᵒ35'E",,plant,Astragalus strictus,presence,Thylacospermum caespitosum,mid,5600,-0.4,,
9,456,"Dvorsky et al., 2013","34ᵒ45'N, 77ᵒ35'E",,plant,Astragalus confertus,presence,Thylacospermum caespitosum,mid,5600,-1,,
9,457,"Dvorsky et al., 2013","34ᵒ45'N, 77ᵒ35'E",,plant,leontopodium leontopodinum,presence,Thylacospermum caespitosum,mid,5600,-0.47826087,,
9,458,"Dvorsky et al., 2013","34ᵒ45'N, 77ᵒ35'E",,plant,oxytropis densa,presence,Thylacospermum caespitosum,mid,5600,-1,,
9,459,"Dvorsky et al., 2013","34ᵒ45'N, 77ᵒ35'E",,plant,artemisia minor,presence,Thylacospermum caespitosum,mid,5600,-0.5,,
9,460,"Dvorsky et al., 2013","34ᵒ45'N, 77ᵒ35'E",,plant,carex pseudofoetida,presence,Thylacospermum caespitosum,mid,5600,0.333333333,,
9,461,"Dvorsky et al., 2013","34ᵒ45'N, 77ᵒ35'E",,plant,potentilla bifurca,presence,Thylacospermum caespitosum,mid,5600,-0.375,,
9,462,"Dvorsky et al., 2013","34ᵒ45'N, 77ᵒ35'E",,plant,elymus schrekianus,presence,Thylacospermum caespitosum,mid,5600,-1,,
9,463,"Dvorsky et al., 2013","34ᵒ45'N, 77ᵒ35'E",,plant,oxytropis playsema,presence,Thylacospermum caespitosum,mid,5600,-1,,
9,464,"Dvorsky et al., 2013","34ᵒ45'N, 77ᵒ35'E",,plant,carex sp,presence,Thylacospermum caespitosum,mid,5600,-1,,
9,465,"Dvorsky et al., 2013","34ᵒ45'N, 77ᵒ35'E",,plant,aster flaccidus,presence,Thylacospermum caespitosum,mid,5600,1,,
9,466,"Dvorsky et al., 2013","34ᵒ45'N, 77ᵒ35'E",,plant,Poa attenuata,presence,Thylacospermum caespitosum,mid,5750,-0.065217391,,
9,467,"Dvorsky et al., 2013","34ᵒ45'N, 77ᵒ35'E",,plant,Potentilla pamirica,presence,Thylacospermum caespitosum,mid,5750,-0.333333333,,
9,468,"Dvorsky et al., 2013","34ᵒ45'N, 77ᵒ35'E",,plant,oxytropis tatarica,presence,Thylacospermum caespitosum,mid,5750,-0.288888889,,
9,469,"Dvorsky et al., 2013","34ᵒ45'N, 77ᵒ35'E",,plant,Astragalus strictus,presence,Thylacospermum caespitosum,mid,5750,0.023255814,,
9,470,"Dvorsky et al., 2013","34ᵒ45'N, 77ᵒ35'E",,plant,Astragalus confertus,presence,Thylacospermum caespitosum,mid,5750,-1,,
9,471,"Dvorsky et al., 2013","34ᵒ45'N, 77ᵒ35'E",,plant,oxytropis densa,presence,Thylacospermum caespitosum,mid,5750,-1,,
9,472,"Dvorsky et al., 2013","34ᵒ45'N, 77ᵒ35'E",,plant,artemisia minor,presence,Thylacospermum caespitosum,mid,5750,-1,,
9,473,"Dvorsky et al., 2013","34ᵒ45'N, 77ᵒ35'E",,plant,carex pseudofoetida,presence,Thylacospermum caespitosum,mid,5750,0,,
9,474,"Dvorsky et al., 2013","34ᵒ45'N, 77ᵒ35'E",,plant,tanacetum tibeticum,presence,Thylacospermum caespitosum,mid,5750,-0.47826087,,
9,475,"Dvorsky et al., 2013","34ᵒ45'N, 77ᵒ35'E",,plant,potentilla bifurca,presence,Thylacospermum caespitosum,mid,5750,-1,,
9,476,"Dvorsky et al., 2013","34ᵒ45'N, 77ᵒ35'E",,plant,elymus schrekianus,presence,Thylacospermum caespitosum,mid,5750,-0.333333333,,
9,477,"Dvorsky et al., 2013","34ᵒ45'N, 77ᵒ35'E",,plant,saussurea glaciallis,presence,Thylacospermum caespitosum,mid,5750,-0.692307692,,
9,478,"Dvorsky et al., 2013","34ᵒ45'N, 77ᵒ35'E",,plant,oxytropis chiliophylla,presence,Thylacospermum caespitosum,mid,5750,-0.5,,
9,479,"Dvorsky et al., 2013","34ᵒ45'N, 77ᵒ35'E",,plant,braya humillis,presence,Thylacospermum caespitosum,mid,5750,1,,
9,480,"Dvorsky et al., 2013","34ᵒ45'N, 77ᵒ35'E",,plant,Poa attenuata,presence,Thylacospermum caespitosum,high,5850,-0.228571429,,
9,481,"Dvorsky et al., 2013","34ᵒ45'N, 77ᵒ35'E",,plant,Potentilla pamirica,presence,Thylacospermum caespitosum,high,5850,-0.265822785,,
9,482,"Dvorsky et al., 2013","34ᵒ45'N, 77ᵒ35'E",,plant,oxytropis tatarica,presence,Thylacospermum caespitosum,high,5850,-0.225806452,,
9,483,"Dvorsky et al., 2013","34ᵒ45'N, 77ᵒ35'E",,plant,Astragalus strictus,presence,Thylacospermum caespitosum,high,5850,-0.130434783,,
9,484,"Dvorsky et al., 2013","34ᵒ45'N, 77ᵒ35'E",,plant,Astragalus confertus,presence,Thylacospermum caespitosum,high,5850,-1,,
9,485,"Dvorsky et al., 2013","34ᵒ45'N, 77ᵒ35'E",,plant,leontopodium leontopodinum,presence,Thylacospermum caespitosum,high,5850,-0.238095238,,
9,486,"Dvorsky et al., 2013","34ᵒ45'N, 77ᵒ35'E",,plant,oxytropis densa,presence,Thylacospermum caespitosum,high,5850,-0.875,,
9,487,"Dvorsky et al., 2013","34ᵒ45'N, 77ᵒ35'E",,plant,carex pseudofoetida,presence,Thylacospermum caespitosum,high,5850,-0.363636364,,
9,488,"Dvorsky et al., 2013","34ᵒ45'N, 77ᵒ35'E",,plant,tanacetum tibeticum,presence,Thylacospermum caespitosum,high,5850,-0.333333333,,
9,489,"Dvorsky et al., 2013","34ᵒ45'N, 77ᵒ35'E",,plant,potentilla bifurca,presence,Thylacospermum caespitosum,high,5850,-1,,
9,490,"Dvorsky et al., 2013","34ᵒ45'N, 77ᵒ35'E",,plant,potentilla multifida agg,presence,Thylacospermum caespitosum,high,5850,-0.684210526,,
9,491,"Dvorsky et al., 2013","34ᵒ45'N, 77ᵒ35'E",,plant,Taraxacum spp,presence,Thylacospermum caespitosum,high,5850,1,,
9,492,"Dvorsky et al., 2013","34ᵒ45'N, 77ᵒ35'E",,plant,oxytropis chiliophylla,presence,Thylacospermum caespitosum,high,5850,-0.5,,
9,493,"Dvorsky et al., 2013","34ᵒ45'N, 77ᵒ35'E",,plant,thalictrum alpinum,presence,Thylacospermum caespitosum,high,5850,-1,,
9,494,"Dvorsky et al., 2013","34ᵒ45'N, 77ᵒ35'E",,plant,all,diversity,Thylacospermum caespitosum,low,4850,-0.2,,
9,495,"Dvorsky et al., 2013","34ᵒ45'N, 77ᵒ35'E",,plant,all,diversity,Thylacospermum caespitosum,mid,5000,0.043478,,
9,496,"Dvorsky et al., 2013","34ᵒ45'N, 77ᵒ35'E",,plant,all,diversity,Thylacospermum caespitosum,mid,5100,-0.04348,,
9,497,"Dvorsky et al., 2013","34ᵒ45'N, 77ᵒ35'E",,plant,all,diversity,Thylacospermum caespitosum,mid,5250,-0.02703,,
9,498,"Dvorsky et al., 2013","34ᵒ45'N, 77ᵒ35'E",,plant,all,diversity,Thylacospermum caespitosum,mid,5350,-0.17241,,
9,499,"Dvorsky et al., 2013","34ᵒ45'N, 77ᵒ35'E",,plant,all,diversity,Thylacospermum caespitosum,mid,5600,-0.18182,,
9,500,"Dvorsky et al., 2013","34ᵒ45'N, 77ᵒ35'E",,plant,all,diversity,Thylacospermum caespitosum,mid,5750,-0.13043,,
9,501,"Dvorsky et al., 2013","34ᵒ45'N, 77ᵒ35'E",,plant,all,diversity,Thylacospermum caespitosum,high,5850,-0.08333,,
10,502,"Molenda et al., 2012","50ᵒ15'N, 122ᵒ16'W","50ᵒ15'N, 122ᵒ16'W",plant,many,diversity,Silene acaulis,mid,2160,0.132743363,,
10,503,"Molenda et al., 2012","50ᵒ15'N, 122ᵒ16'W","50ᵒ15'N, 122ᵒ16'W",arthropod,many,diversity,Silene acaulis,mid,2160,0.22875817,,
10,504,"Molenda et al., 2012","50ᵒ15'N, 122ᵒ16'W","50ᵒ15'N, 122ᵒ16'W",plant,many,diversity,Silene acaulis,mid,2160,-0.164383562,,
10,505,"Molenda et al., 2012","50ᵒ15'N, 122ᵒ16'W","50ᵒ15'N, 122ᵒ16'W",arthropod,many,diversity,Silene acaulis,mid,2160,0.226993865,,
10,506,"Molenda et al., 2012","50ᵒ15'N, 122ᵒ16'W","50ᵒ15'N, 122ᵒ16'W",plant,many,abundance,Silene acaulis,mid,2160,0.217731421,,
10,507,"Molenda et al., 2012","50ᵒ15'N, 122ᵒ16'W","50ᵒ15'N, 122ᵒ16'W",arthropod,many,abundance,Silene acaulis,mid,2160,0.753653445,,
11,508,"Quiroz et al., 2009","33ᵒ20'S,70ᵒ16'W",,plant,Acaena pinnaifida,presence,Azorella madreporica,low,3200,0,,
11,509,"Quiroz et al., 2009","33ᵒ20'S,70ᵒ16'W",,plant,Calandrinia compacia,presence,Azorella madreporica,low,3200,-1,,
11,510,"Quiroz et al., 2009","33ᵒ20'S,70ᵒ16'W",,plant,Carex andina,presence,Azorella madreporica,low,3200,0,,
11,511,"Quiroz et al., 2009","33ᵒ20'S,70ᵒ16'W",,plant,Carex gayana,presence,Azorella madreporica,low,3200,1,,
11,512,"Quiroz et al., 2009","33ᵒ20'S,70ᵒ16'W",,plant,Cerastium arvense,presence,Azorella madreporica,low,3200,0.647058824,,
11,513,"Quiroz et al., 2009","33ᵒ20'S,70ᵒ16'W",,plant,Chaetanthera flabellata,presence,Azorella madreporica,low,3200,-1,,
11,514,"Quiroz et al., 2009","33ᵒ20'S,70ᵒ16'W",,plant,Erigeron andicola,presence,Azorella madreporica,low,3200,1,,
11,515,"Quiroz et al., 2009","33ᵒ20'S,70ᵒ16'W",,plant,Festuca magellanica,presence,Azorella madreporica,low,3200,0.25,,
11,516,"Quiroz et al., 2009","33ᵒ20'S,70ᵒ16'W",,plant,Galium gillesii,presence,Azorella madreporica,low,3200,1,,
11,517,"Quiroz et al., 2009","33ᵒ20'S,70ᵒ16'W",,plant,Gayophytum humile,presence,Azorella madreporica,low,3200,-1,,
11,518,"Quiroz et al., 2009","33ᵒ20'S,70ᵒ16'W",,plant,Geranium sessiliflorum,presence,Azorella madreporica,low,3200,1,,
11,519,"Quiroz et al., 2009","33ᵒ20'S,70ᵒ16'W",,plant,Hordeum comosum,presence,Azorella madreporica,low,3200,0.047619048,,
11,520,"Quiroz et al., 2009","33ᵒ20'S,70ᵒ16'W",,plant,Lactuca serriola,presence,Azorella madreporica,low,3200,1,,
11,521,"Quiroz et al., 2009","33ᵒ20'S,70ᵒ16'W",,plant,Loasa sigmoidea,presence,Azorella madreporica,low,3200,0.555555556,,
11,522,"Quiroz et al., 2009","33ᵒ20'S,70ᵒ16'W",,plant,Luzula chilensis,presence,Azorella madreporica,low,3200,1,,
11,523,"Quiroz et al., 2009","33ᵒ20'S,70ᵒ16'W",,plant,Microsteris gracilis,presence,Azorella madreporica,low,3200,-0.090909091,,
11,524,"Quiroz et al., 2009","33ᵒ20'S,70ᵒ16'W",,plant,Montiopsis potentilloides,presence,Azorella madreporica,low,3200,-0.625,,
11,525,"Quiroz et al., 2009","33ᵒ20'S,70ᵒ16'W",,plant,Nassauvia cumingii,presence,Azorella madreporica,low,3200,-1,,
11,526,"Quiroz et al., 2009","33ᵒ20'S,70ᵒ16'W",,plant,Nassauvia lagascae,presence,Azorella madreporica,low,3200,0,,
11,527,"Quiroz et al., 2009","33ᵒ20'S,70ᵒ16'W",,plant,Nastanthus agglomeratus,presence,Azorella madreporica,low,3200,1,,
11,528,"Quiroz et al., 2009","33ᵒ20'S,70ᵒ16'W",,plant,Oxalis compacta,presence,Azorella madreporica,low,3200,1,,
11,529,"Quiroz et al., 2009","33ᵒ20'S,70ᵒ16'W",,plant,Perezia pilifera,presence,Azorella madreporica,low,3200,1,,
11,530,"Quiroz et al., 2009","33ᵒ20'S,70ᵒ16'W",,plant,Phacelia secunda,presence,Azorella madreporica,low,3200,0,,
11,531,"Quiroz et al., 2009","33ᵒ20'S,70ᵒ16'W",,plant,Plantago barbata,presence,Azorella madreporica,low,3200,1,,
11,532,"Quiroz et al., 2009","33ᵒ20'S,70ᵒ16'W",,plant,Poa sp,presence,Azorella madreporica,low,3200,1,,
11,533,"Quiroz et al., 2009","33ᵒ20'S,70ᵒ16'W",,plant,Pozoa coriacea,presence,Azorella madreporica,low,3200,-1,,
11,534,"Quiroz et al., 2009","33ᵒ20'S,70ᵒ16'W",,plant,Senecio looseri,presence,Azorella madreporica,low,3200,1,,
11,535,"Quiroz et al., 2009","33ᵒ20'S,70ᵒ16'W",,plant,Sisyrinchium philippii,presence,Azorella madreporica,low,3200,-0.111111111,,
11,536,"Quiroz et al., 2009","33ᵒ20'S,70ᵒ16'W",,plant,Taraxacum officinale,presence,Azorella madreporica,low,3200,0.416666667,,
11,537,"Quiroz et al., 2009","33ᵒ20'S,70ᵒ16'W",,plant,Thlaspi magellanicum,presence,Azorella madreporica,low,3200,0.6,,
11,538,"Quiroz et al., 2009","33ᵒ20'S,70ᵒ16'W",,plant,Trisetum preslei,presence,Azorella madreporica,low,3200,0.714285714,,
11,539,"Quiroz et al., 2009","33ᵒ20'S,70ᵒ16'W",,plant,Viola philippii,presence,Azorella madreporica,low,3200,-0.333333333,,
11,540,"Quiroz et al., 2009","33ᵒ20'S,70ᵒ16'W",,plant,Adesmia sp,presence,Azorella madreporica,high,3580,-1,,
11,541,"Quiroz et al., 2009","33ᵒ20'S,70ᵒ16'W",,plant,calandrinia affinis,presence,Azorella madreporica,high,3580,1,,
11,542,"Quiroz et al., 2009","33ᵒ20'S,70ᵒ16'W",,plant,Cerastium arvense,presence,Azorella madreporica,high,3580,1,,
11,543,"Quiroz et al., 2009","33ᵒ20'S,70ᵒ16'W",,plant,Erigeron andicola,presence,Azorella madreporica,high,3580,0.5,,
11,544,"Quiroz et al., 2009","33ᵒ20'S,70ᵒ16'W",,plant,Festuca magellanica,presence,Azorella madreporica,high,3580,1,,
11,545,"Quiroz et al., 2009","33ᵒ20'S,70ᵒ16'W",,plant,Hordeum comosum,presence,Azorella madreporica,high,3580,0.647058824,,
11,546,"Quiroz et al., 2009","33ᵒ20'S,70ᵒ16'W",,plant,Montiopsis potentilloides,presence,Azorella madreporica,high,3580,-1,,
11,547,"Quiroz et al., 2009","33ᵒ20'S,70ᵒ16'W",,plant,Nassauvia lagascae,presence,Azorella madreporica,high,3580,-0.333333333,,
11,548,"Quiroz et al., 2009","33ᵒ20'S,70ᵒ16'W",,plant,Nastanthus agglomeratus,presence,Azorella madreporica,high,3580,1,,
11,549,"Quiroz et al., 2009","33ᵒ20'S,70ᵒ16'W",,plant,Oxalis compacta,presence,Azorella madreporica,high,3580,0,,
11,550,"Quiroz et al., 2009","33ᵒ20'S,70ᵒ16'W",,plant,Perezia carthamoides,presence,Azorella madreporica,high,3580,-1,,
11,551,"Quiroz et al., 2009","33ᵒ20'S,70ᵒ16'W",,plant,Phacelia secunda,presence,Azorella madreporica,high,3580,0,,
11,552,"Quiroz et al., 2009","33ᵒ20'S,70ᵒ16'W",,plant,Senecio looseri,presence,Azorella madreporica,high,3580,0,,
11,553,"Quiroz et al., 2009","33ᵒ20'S,70ᵒ16'W",,plant,Taraxacum officinale,presence,Azorella madreporica,high,3580,1,,
11,554,"Quiroz et al., 2009","33ᵒ20'S,70ᵒ16'W",,plant,Thlaspi magellanicum,presence,Azorella madreporica,high,3580,0.333333333,,
11,555,"Quiroz et al., 2009","33ᵒ20'S,70ᵒ16'W",,plant,Trisetum preslei,presence,Azorella madreporica,high,3580,0.826086957,,
11,556,"Quiroz et al., 2009","33ᵒ20'S,70ᵒ16'W",,plant,Viola atropurpurea,presence,Azorella madreporica,high,3580,-0.75,,
11,557,"Quiroz et al., 2009","33ᵒ20'S,70ᵒ16'W",,plant,all,diversity,Azorella madreporica,low,3200,0.173913043,,
11,558,"Quiroz et al., 2009","33ᵒ20'S,70ᵒ16'W",,plant,all,diversity,Azorella madreporica,high,3580,0.076923077,,
11,559,"Quiroz et al., 2009","33ᵒ20'S,70ᵒ16'W",,plant,Acaena pinniatifida,abundance,Azorella madreporica,low,3200,0.5,,
11,560,"Quiroz et al., 2009","33ᵒ20'S,70ᵒ16'W",,plant,Carex andina,abundance,Azorella madreporica,low,3200,0.5,,
11,561,"Quiroz et al., 2009","33ᵒ20'S,70ᵒ16'W",,plant,Cerastium arvense,abundance,Azorella madreporica,low,3200,0.803278689,,
11,562,"Quiroz et al., 2009","33ᵒ20'S,70ᵒ16'W",,plant,Festuca magellanica,abundance,Azorella madreporica,low,3200,0.647727273,,
11,563,"Quiroz et al., 2009","33ᵒ20'S,70ᵒ16'W",,plant,Hordeum comosum,abundance,Azorella madreporica,low,3200,0.31092437,,
11,564,"Quiroz et al., 2009","33ᵒ20'S,70ᵒ16'W",,plant,Loasa sigmoidea,abundance,Azorella madreporica,low,3200,-0.024390244,,
11,565,"Quiroz et al., 2009","33ᵒ20'S,70ᵒ16'W",,plant,Microsteris gracilis,abundance,Azorella madreporica,low,3200,0.35483871,,
11,566,"Quiroz et al., 2009","33ᵒ20'S,70ᵒ16'W",,plant,Montiopsis potentilloides,abundance,Azorella madreporica,low,3200,-0.785714286,,
11,567,"Quiroz et al., 2009","33ᵒ20'S,70ᵒ16'W",,plant,Naussauvia lagascae,abundance,Azorella madreporica,low,3200,-0.12,,
11,568,"Quiroz et al., 2009","33ᵒ20'S,70ᵒ16'W",,plant,Phacelia secunda,abundance,Azorella madreporica,low,3200,-0.12195122,,
11,569,"Quiroz et al., 2009","33ᵒ20'S,70ᵒ16'W",,plant,Sisyrinchium philippii,abundance,Azorella madreporica,low,3200,0.2,,
11,570,"Quiroz et al., 2009","33ᵒ20'S,70ᵒ16'W",,plant,Taraxacum officinale,abundance,Azorella madreporica,low,3200,0.642585551,,
11,571,"Quiroz et al., 2009","33ᵒ20'S,70ᵒ16'W",,plant,Thlaspi magellanicum,abundance,Azorella madreporica,low,3200,0.708333333,,
11,572,"Quiroz et al., 2009","33ᵒ20'S,70ᵒ16'W",,plant,Trisetum preslei,abundance,Azorella madreporica,low,3200,0.514348786,,
11,573,"Quiroz et al., 2009","33ᵒ20'S,70ᵒ16'W",,plant,Viola philippii,abundance,Azorella madreporica,low,3200,-0.8,,
11,574,"Quiroz et al., 2009","33ᵒ20'S,70ᵒ16'W",,plant,Hordeum comosum,abundance,Azorella madreporica,high,3580,0.727748691,,
11,575,"Quiroz et al., 2009","33ᵒ20'S,70ᵒ16'W",,plant,Naussauvia lagascae,abundance,Azorella madreporica,high,3580,-0.5,,
11,576,"Quiroz et al., 2009","33ᵒ20'S,70ᵒ16'W",,plant,Phacelia secunda,abundance,Azorella madreporica,high,3580,0,,
11,577,"Quiroz et al., 2009","33ᵒ20'S,70ᵒ16'W",,plant,Thlaspi magellanicum,abundance,Azorella madreporica,high,3580,0,,
11,578,"Quiroz et al., 2009","33ᵒ20'S,70ᵒ16'W",,plant,Erigeron andicola,abundance,Azorella madreporica,high,3580,0.714285714,,
11,579,"Quiroz et al., 2009","33ᵒ20'S,70ᵒ16'W",,plant,Oxalis compacta,abundance,Azorella madreporica,high,3580,-0.5,,
11,580,"Quiroz et al., 2009","33ᵒ20'S,70ᵒ16'W",,plant,Senecio looseri,abundance,Azorella madreporica,high,3580,0.777777778,,
11,581,"Quiroz et al., 2009","33ᵒ20'S,70ᵒ16'W",,plant,Trisetum preslei,abundance,Azorella madreporica,high,3580,0.995098039,,
11,582,"Quiroz et al., 2009","33ᵒ20'S,70ᵒ16'W",,plant,Viola atropurpurea,abundance,Azorella madreporica,high,3580,-0.972972973,,
11,583,"Quiroz et al., 2009","33ᵒ20'S,70ᵒ16'W",,plant,all,diversity,Azorella madreporica,low,3200,-0.187637969,,
11,584,"Quiroz et al., 2009","33ᵒ20'S,70ᵒ16'W",,plant,all,diversity,Azorella madreporica,high,3580,-0.256097561,,
12,585,"Sieber et al., 2011","46ᵒ31'N,09ᵒ43'W","46ᵒ31'N,09ᵒ43'W",arthropod,Syrphidae,presence,Eritrichium nanum,mid,3000,0.8,,
12,586,"Sieber et al., 2011","46ᵒ31'N,09ᵒ43'W","46ᵒ31'N,09ᵒ43'W",arthropod,Diptera,presence,Eritrichium nanum,mid,3000,-0.247311828,,
12,587,"Sieber et al., 2011","46ᵒ31'N,09ᵒ43'W","46ᵒ31'N,09ᵒ43'W",arthropod,Hymenoptera,presence,Eritrichium nanum,mid,3000,-1,,
12,588,"Sieber et al., 2011","46ᵒ31'N,09ᵒ43'W","46ᵒ31'N,09ᵒ43'W",arthropod,Coleoptera,presence,Eritrichium nanum,mid,3000,1,,
13,589,"Yang et al., 2010","28ᵒ20'N,99ᵒ05'E","28ᵒ20'419""N, 99ᵒ05'164""E",plant,Anaphalis nepalensis,presence,Arenaria polytrichoides,low,4500,-0.575757576,,
13,590,"Yang et al., 2010","28ᵒ20'N,99ᵒ05'E","28ᵒ20'419""N, 99ᵒ05'164""E",plant,Arenaria barbata,presence,Arenaria polytrichoides,low,4500,0.310344828,,
13,591,"Yang et al., 2010","28ᵒ20'N,99ᵒ05'E","28ᵒ20'419""N, 99ᵒ05'164""E",plant,Astragalus acaulis,presence,Arenaria polytrichoides,low,4500,-1,,
13,592,"Yang et al., 2010","28ᵒ20'N,99ᵒ05'E","28ᵒ20'419""N, 99ᵒ05'164""E",plant,Carex atrata,presence,Arenaria polytrichoides,low,4500,-0.201612903,,
13,593,"Yang et al., 2010","28ᵒ20'N,99ᵒ05'E","28ᵒ20'419""N, 99ᵒ05'164""E",plant,Chrysosplenium griffithii,presence,Arenaria polytrichoides,low,4500,-0.882352941,,
13,594,"Yang et al., 2010","28ᵒ20'N,99ᵒ05'E","28ᵒ20'419""N, 99ᵒ05'164""E",plant,Corydalis adrenii,presence,Arenaria polytrichoides,low,4500,-1,,
13,595,"Yang et al., 2010","28ᵒ20'N,99ᵒ05'E","28ᵒ20'419""N, 99ᵒ05'164""E",plant,Cyananthus macrocalyx,presence,Arenaria polytrichoides,low,4500,-0.281045752,,
13,596,"Yang et al., 2010","28ᵒ20'N,99ᵒ05'E","28ᵒ20'419""N, 99ᵒ05'164""E",plant,Delphinium likiangensis,presence,Arenaria polytrichoides,low,4500,-1,,
13,597,"Yang et al., 2010","28ᵒ20'N,99ᵒ05'E","28ᵒ20'419""N, 99ᵒ05'164""E",plant,Draba alpina,presence,Arenaria polytrichoides,low,4500,-0.333333333,,
13,598,"Yang et al., 2010","28ᵒ20'N,99ᵒ05'E","28ᵒ20'419""N, 99ᵒ05'164""E",plant,Gentiana atuntsiensis,presence,Arenaria polytrichoides,low,4500,-1,,
13,599,"Yang et al., 2010","28ᵒ20'N,99ᵒ05'E","28ᵒ20'419""N, 99ᵒ05'164""E",plant,Gentiana ludlowii,presence,Arenaria polytrichoides,low,4500,-1,,
13,600,"Yang et al., 2010","28ᵒ20'N,99ᵒ05'E","28ᵒ20'419""N, 99ᵒ05'164""E",plant,Juncus leucomelas,presence,Arenaria polytrichoides,low,4500,-1,,
13,601,"Yang et al., 2010","28ᵒ20'N,99ᵒ05'E","28ᵒ20'419""N, 99ᵒ05'164""E",plant,Lamiophlomis rotata,presence,Arenaria polytrichoides,low,4500,-1,,
13,602,"Yang et al., 2010","28ᵒ20'N,99ᵒ05'E","28ᵒ20'419""N, 99ᵒ05'164""E",plant,Meconopsis horridula,presence,Arenaria polytrichoides,low,4500,-1,,
13,603,"Yang et al., 2010","28ᵒ20'N,99ᵒ05'E","28ᵒ20'419""N, 99ᵒ05'164""E",plant,Oxygraphis glacialis,presence,Arenaria polytrichoides,low,4500,0,,
13,604,"Yang et al., 2010","28ᵒ20'N,99ᵒ05'E","28ᵒ20'419""N, 99ᵒ05'164""E",plant,Pedicularis roylei,presence,Arenaria polytrichoides,low,4500,-0.111111111,,
13,605,"Yang et al., 2010","28ᵒ20'N,99ᵒ05'E","28ᵒ20'419""N, 99ᵒ05'164""E",plant,Pedicularis trichoglossa,presence,Arenaria polytrichoides,low,4500,-1,,
13,606,"Yang et al., 2010","28ᵒ20'N,99ᵒ05'E","28ᵒ20'419""N, 99ᵒ05'164""E",plant,Pleurospermum amabile,presence,Arenaria polytrichoides,low,4500,-0.466666667,,
13,607,"Yang et al., 2010","28ᵒ20'N,99ᵒ05'E","28ᵒ20'419""N, 99ᵒ05'164""E",plant,Polygonum macrophyllum,presence,Arenaria polytrichoides,low,4500,0.31147541,,
13,608,"Yang et al., 2010","28ᵒ20'N,99ᵒ05'E","28ᵒ20'419""N, 99ᵒ05'164""E",plant,potentilla arbuscula,presence,Arenaria polytrichoides,low,4500,-0.666666667,,
13,609,"Yang et al., 2010","28ᵒ20'N,99ᵒ05'E","28ᵒ20'419""N, 99ᵒ05'164""E",plant,Potentilla eriocarpa,presence,Arenaria polytrichoides,low,4500,-1,,
13,610,"Yang et al., 2010","28ᵒ20'N,99ᵒ05'E","28ᵒ20'419""N, 99ᵒ05'164""E",plant,potentilla hypargyrea,presence,Arenaria polytrichoides,low,4500,-0.007518797,,
13,611,"Yang et al., 2010","28ᵒ20'N,99ᵒ05'E","28ᵒ20'419""N, 99ᵒ05'164""E",plant,Primula sinopurpurea,presence,Arenaria polytrichoides,low,4500,1,,
13,612,"Yang et al., 2010","28ᵒ20'N,99ᵒ05'E","28ᵒ20'419""N, 99ᵒ05'164""E",plant,Pyrethrum tatsienense,presence,Arenaria polytrichoides,low,4500,0.4,,
13,613,"Yang et al., 2010","28ᵒ20'N,99ᵒ05'E","28ᵒ20'419""N, 99ᵒ05'164""E",plant,Rheum delavayi,presence,Arenaria polytrichoides,low,4500,-0.153846154,,
13,614,"Yang et al., 2010","28ᵒ20'N,99ᵒ05'E","28ᵒ20'419""N, 99ᵒ05'164""E",plant,Rhodiola nobilis,presence,Arenaria polytrichoides,low,4500,0.925925926,,
13,615,"Yang et al., 2010","28ᵒ20'N,99ᵒ05'E","28ᵒ20'419""N, 99ᵒ05'164""E",plant,Rhododendron tapetiforme,presence,Arenaria polytrichoides,low,4500,-0.142857143,,
13,616,"Yang et al., 2010","28ᵒ20'N,99ᵒ05'E","28ᵒ20'419""N, 99ᵒ05'164""E",plant,Saussurea stoliczkae,presence,Arenaria polytrichoides,low,4500,0.587096774,,
13,617,"Yang et al., 2010","28ᵒ20'N,99ᵒ05'E","28ᵒ20'419""N, 99ᵒ05'164""E",plant,Saussurea superba,presence,Arenaria polytrichoides,low,4500,-0.333333333,,
13,618,"Yang et al., 2010","28ᵒ20'N,99ᵒ05'E","28ᵒ20'419""N, 99ᵒ05'164""E",plant,Saxifraga aristulata,presence,Arenaria polytrichoides,low,4500,-0.647058824,,
13,619,"Yang et al., 2010","28ᵒ20'N,99ᵒ05'E","28ᵒ20'419""N, 99ᵒ05'164""E",plant,Saxifraga melanocentra,presence,Arenaria polytrichoides,low,4500,-0.666666667,,
13,620,"Yang et al., 2010","28ᵒ20'N,99ᵒ05'E","28ᵒ20'419""N, 99ᵒ05'164""E",plant,Saxifraga moorcroftiana,presence,Arenaria polytrichoides,low,4500,-0.906976744,,
13,621,"Yang et al., 2010","28ᵒ20'N,99ᵒ05'E","28ᵒ20'419""N, 99ᵒ05'164""E",plant,Saxifraga wardii,presence,Arenaria polytrichoides,low,4500,-1,,
13,622,"Yang et al., 2010","28ᵒ20'N,99ᵒ05'E","28ᵒ20'419""N, 99ᵒ05'164""E",plant,Sibbaldia cuneata,presence,Arenaria polytrichoides,low,4500,0,,
13,623,"Yang et al., 2010","28ᵒ20'N,99ᵒ05'E","28ᵒ20'419""N, 99ᵒ05'164""E",plant,Solms-Laubachia,presence,Arenaria polytrichoides,low,4500,-0.636363636,,
13,624,"Yang et al., 2010","28ᵒ20'N,99ᵒ05'E","28ᵒ20'419""N, 99ᵒ05'164""E",plant,Trollius farreri,presence,Arenaria polytrichoides,low,4500,-1,,
13,625,"Yang et al., 2010","28ᵒ20'N,99ᵒ05'E","28ᵒ20'419""N, 99ᵒ05'164""E",plant,Viola delavayi,presence,Arenaria polytrichoides,low,4500,-1,,
13,626,"Yang et al., 2010","28ᵒ20'N,99ᵒ05'E","28ᵒ20'419""N, 99ᵒ05'164""E",plant,Ajanja khartensis,presence,Arenaria polytrichoides,high,4700,-1,,
13,627,"Yang et al., 2010","28ᵒ20'N,99ᵒ05'E","28ᵒ20'419""N, 99ᵒ05'164""E",plant,Anaphalis nepalensis,presence,Arenaria polytrichoides,high,4700,0.375,,
13,628,"Yang et al., 2010","28ᵒ20'N,99ᵒ05'E","28ᵒ20'419""N, 99ᵒ05'164""E",plant,Arenaria barbata,presence,Arenaria polytrichoides,high,4700,-0.238095238,,
13,629,"Yang et al., 2010","28ᵒ20'N,99ᵒ05'E","28ᵒ20'419""N, 99ᵒ05'164""E",plant,Arenaria trichophora,presence,Arenaria polytrichoides,high,4700,-1,,
13,630,"Yang et al., 2010","28ᵒ20'N,99ᵒ05'E","28ᵒ20'419""N, 99ᵒ05'164""E",plant,Carex atrata,presence,Arenaria polytrichoides,high,4700,0.786885246,,
13,631,"Yang et al., 2010","28ᵒ20'N,99ᵒ05'E","28ᵒ20'419""N, 99ᵒ05'164""E",plant,Chrysosplenium griffithii,presence,Arenaria polytrichoides,high,4700,0,,
13,632,"Yang et al., 2010","28ᵒ20'N,99ᵒ05'E","28ᵒ20'419""N, 99ᵒ05'164""E",plant,Corydalis adrenii,presence,Arenaria polytrichoides,high,4700,-1,,
13,633,"Yang et al., 2010","28ᵒ20'N,99ᵒ05'E","28ᵒ20'419""N, 99ᵒ05'164""E",plant,Cremanthodium humile,presence,Arenaria polytrichoides,high,4700,-0.857142857,,
13,634,"Yang et al., 2010","28ᵒ20'N,99ᵒ05'E","28ᵒ20'419""N, 99ᵒ05'164""E",plant,Draba alpina,presence,Arenaria polytrichoides,high,4700,-0.846153846,,
13,635,"Yang et al., 2010","28ᵒ20'N,99ᵒ05'E","28ᵒ20'419""N, 99ᵒ05'164""E",plant,Eriophyton wallichii,presence,Arenaria polytrichoides,high,4700,-0.875,,
13,636,"Yang et al., 2010","28ᵒ20'N,99ᵒ05'E","28ᵒ20'419""N, 99ᵒ05'164""E",plant,Gentiana atuntsiensis,presence,Arenaria polytrichoides,high,4700,0.6,,
13,637,"Yang et al., 2010","28ᵒ20'N,99ᵒ05'E","28ᵒ20'419""N, 99ᵒ05'164""E",plant,Gentiana ludlowii,presence,Arenaria polytrichoides,high,4700,-1,,
13,638,"Yang et al., 2010","28ᵒ20'N,99ᵒ05'E","28ᵒ20'419""N, 99ᵒ05'164""E",plant,Juncus leucomelas,presence,Arenaria polytrichoides,high,4700,-0.9,,
13,639,"Yang et al., 2010","28ᵒ20'N,99ᵒ05'E","28ᵒ20'419""N, 99ᵒ05'164""E",plant,Lagotis praecox,presence,Arenaria polytrichoides,high,4700,-1,,
13,640,"Yang et al., 2010","28ᵒ20'N,99ᵒ05'E","28ᵒ20'419""N, 99ᵒ05'164""E",plant,Meconopsis horridula,presence,Arenaria polytrichoides,high,4700,0.625,,
13,641,"Yang et al., 2010","28ᵒ20'N,99ᵒ05'E","28ᵒ20'419""N, 99ᵒ05'164""E",plant,Pedicularis roylei,presence,Arenaria polytrichoides,high,4700,-0.333333333,,
13,642,"Yang et al., 2010","28ᵒ20'N,99ᵒ05'E","28ᵒ20'419""N, 99ᵒ05'164""E",plant,Pleurospermum amabile,presence,Arenaria polytrichoides,high,4700,-0.360824742,,
13,643,"Yang et al., 2010","28ᵒ20'N,99ᵒ05'E","28ᵒ20'419""N, 99ᵒ05'164""E",plant,Pleurospermum nanum,presence,Arenaria polytrichoides,high,4700,0.6,,
13,644,"Yang et al., 2010","28ᵒ20'N,99ᵒ05'E","28ᵒ20'419""N, 99ᵒ05'164""E",plant,Polygonum macrophyllum,presence,Arenaria polytrichoides,high,4700,0.755102041,,
13,645,"Yang et al., 2010","28ᵒ20'N,99ᵒ05'E","28ᵒ20'419""N, 99ᵒ05'164""E",plant,potentilla arbuscula,presence,Arenaria polytrichoides,high,4700,1,,
13,646,"Yang et al., 2010","28ᵒ20'N,99ᵒ05'E","28ᵒ20'419""N, 99ᵒ05'164""E",plant,potentilla hypargyrea,presence,Arenaria polytrichoides,high,4700,0.826086957,,
13,647,"Yang et al., 2010","28ᵒ20'N,99ᵒ05'E","28ᵒ20'419""N, 99ᵒ05'164""E",plant,Ranunculus dongregensis,presence,Arenaria polytrichoides,high,4700,-1,,
13,648,"Yang et al., 2010","28ᵒ20'N,99ᵒ05'E","28ᵒ20'419""N, 99ᵒ05'164""E",plant,Rhodiola fastigiata,presence,Arenaria polytrichoides,high,4700,1,,
13,649,"Yang et al., 2010","28ᵒ20'N,99ᵒ05'E","28ᵒ20'419""N, 99ᵒ05'164""E",plant,Rhodiola nobilis,presence,Arenaria polytrichoides,high,4700,-0.666666667,,
13,650,"Yang et al., 2010","28ᵒ20'N,99ᵒ05'E","28ᵒ20'419""N, 99ᵒ05'164""E",plant,Rhododendron tapetiforme,presence,Arenaria polytrichoides,high,4700,0.733333333,,
13,651,"Yang et al., 2010","28ᵒ20'N,99ᵒ05'E","28ᵒ20'419""N, 99ᵒ05'164""E",plant,Saussurea quercifolia,presence,Arenaria polytrichoides,high,4700,-1,,
13,652,"Yang et al., 2010","28ᵒ20'N,99ᵒ05'E","28ᵒ20'419""N, 99ᵒ05'164""E",plant,Saussurea stoliczkae,presence,Arenaria polytrichoides,high,4700,1,,
13,653,"Yang et al., 2010","28ᵒ20'N,99ᵒ05'E","28ᵒ20'419""N, 99ᵒ05'164""E",plant,Saussurea velutina,presence,Arenaria polytrichoides,high,4700,1,,
13,654,"Yang et al., 2010","28ᵒ20'N,99ᵒ05'E","28ᵒ20'419""N, 99ᵒ05'164""E",plant,Saxifraga aristulata,presence,Arenaria polytrichoides,high,4700,0.518987342,,
13,655,"Yang et al., 2010","28ᵒ20'N,99ᵒ05'E","28ᵒ20'419""N, 99ᵒ05'164""E",plant,Saxifraga flagellaris,presence,Arenaria polytrichoides,high,4700,-1,,
13,656,"Yang et al., 2010","28ᵒ20'N,99ᵒ05'E","28ᵒ20'419""N, 99ᵒ05'164""E",plant,Saxifraga melanocentra,presence,Arenaria polytrichoides,high,4700,0.454545455,,
13,657,"Yang et al., 2010","28ᵒ20'N,99ᵒ05'E","28ᵒ20'419""N, 99ᵒ05'164""E",plant,Saxifraga moorcroftiana,presence,Arenaria polytrichoides,high,4700,0.935483871,,
13,658,"Yang et al., 2010","28ᵒ20'N,99ᵒ05'E","28ᵒ20'419""N, 99ᵒ05'164""E",plant,Saxifraga wardii,presence,Arenaria polytrichoides,high,4700,0.8,,
13,659,"Yang et al., 2010","28ᵒ20'N,99ᵒ05'E","28ᵒ20'419""N, 99ᵒ05'164""E",plant,Trollius farreri,presence,Arenaria polytrichoides,high,4700,1,,
14,660,"Le Roux and McGeoch, 2010","46ᵒ54'S, 37ᵒ45'E",-46.867°S 37.839°E,plant,many,abundance,Azorella selago,low,50-465,0.639816233,,
14,661,"Le Roux and McGeoch, 2010","46ᵒ54'S, 37ᵒ45'E",-46.867°S 37.839°E,plant,many,abundance,Azorella selago,low,10-446,0.639816233,,
14,662,"Le Roux and McGeoch, 2010","46ᵒ54'S, 37ᵒ45'E",-46.867°S 37.839°E,plant,many,abundance,Azorella selago,low,102,0.639816233,,
14,663,"Le Roux and McGeoch, 2010","46ᵒ54'S, 37ᵒ45'E",-46.895°S 37.785°E,plant,many,abundance,Azorella selago,mid,97,0.786723164,,
14,664,"Le Roux and McGeoch, 2010","46ᵒ54'S, 37ᵒ45'E",-46.902°S 37.791°E,plant,many,abundance,Azorella selago,high,89,0.542271563,,
15,665,"Schoeb et al., 2012","37ᵒ05'N,03ᵒ23'W",,plant,many,diversity,Arenaria tetraquetra,low,2720,0.033816425,,
15,666,"Schoeb et al., 2012","37ᵒ05'N,03ᵒ23'W",,plant,many,abundance,Arenaria tetraquetra,low,2720,0.069044006,,
15,667,"Schoeb et al., 2012","37ᵒ05'N,03ᵒ23'W",,plant,many,diversity,Arenaria tetraquetra,low,2720,0.215017065,,
15,668,"Schoeb et al., 2012","37ᵒ05'N,03ᵒ23'W",,plant,many,abundance,Arenaria tetraquetra,low,2720,0.020206556,,
15,669,"Schoeb et al., 2012","37ᵒ05'N,03ᵒ23'W",,plant,many,diversity,Arenaria tetraquetra,high,3240,0.389305347,,
15,670,"Schoeb et al., 2012","37ᵒ05'N,03ᵒ23'W",,plant,many,abundance,Arenaria tetraquetra,high,3240,0.580777096,,
15,671,"Schoeb et al., 2012","37ᵒ05'N,03ᵒ23'W",,plant,many,diversity,Arenaria tetraquetra,high,3240,0.230414747,,
15,672,"Schoeb et al., 2012","37ᵒ05'N,03ᵒ23'W",,plant,many,abundance,Arenaria tetraquetra,high,3240,0.440140845,,
16,673,"Molina-Montenegro et al., 2006","33ᵒ20'S,70ᵒ16'W","33ᵒ20'S,70ᵒ16'W",arthropod,Eriopis connexa,abundance,Azorella monantha,mid,3200,0.727223131,,
16,674,"Molina-Montenegro et al., 2006","33ᵒ20'S,70ᵒ16'W","33ᵒ20'S,70ᵒ16'W",arthropod,Eriopis connexa,abundance,Laretia acaulis,mid,3200,0.68414403,,
16,675,"Molina-Montenegro et al., 2006","33ᵒ20'S,70ᵒ16'W","33ᵒ20'S,70ᵒ16'W",arthropod,Hippodamia variegata,abundance,Azorella monantha,mid,3200,1,,
16,676,"Molina-Montenegro et al., 2006","33ᵒ20'S,70ᵒ16'W","33ᵒ20'S,70ᵒ16'W",arthropod,Hippodamia variegata,abundance,Laretia acaulis,mid,3200,1,,