ID,Citation,Continent,Climatic region,Country,Site,Measuring date,Treatment Type,Treatment scale,Response Variable,Source,Mean. Control,SE.Control,n.Control,SD.Control,Mean. Treatment,SE.Treatment,n.Treatment,SD.Treatment,Community type,Experimental method
1,Adair et al. (2009),North America,Humid Continental,USA,Cedar Creek Minesota,2006,CO2,Global,Soil respiration,Table,809.09,12.12,6,29.69,953.62,12.56,6,30.77,Constructed grassland,
1,Adair et al. (2009),North America,Humid Continental,USA,Cedar Creek Minesota,2006,CO2xFert,GlobalxLocal,Soil respiration,Table,809.09,12.12,6,29.69,1005.17,15.99,6,39.17,Constructed grassland,
1,Adair et al. (2009),North America,Humid Continental,USA,Cedar Creek Minesota,2006,Fert,Local,Soil respiration,Table,809.09,12.12,6,29.69,818.16,14.3,6,35.03,Constructed grassland,
2,Alhamad et al. (2012),Asia,Dry,Jordan,Jordan University of Science and Technology,2008,Fire,Local,Shoot Biomass,Table,31.9,2,5,4.47,43.9,2,5,4.47,Natural grassland,
2,Alhamad et al. (2012),Asia,Dry,Jordan,Jordan University of Science and Technology,2008,FertxFire,LocalxLocal,Shoot Biomass,Table,31.9,2,5,4.47,60.9,2,5,4.47,Natural grassland,
2,Alhamad et al. (2012),Asia,Dry,Jordan,Jordan University of Science and Technology,2008,Fire,Local,Shoot Biomass,Table,31.9,2,5,4.47,43.9,2,5,4.47,Natural grassland,
2,Alhamad et al. (2012),Asia,Dry,Jordan,Jordan University of Science and Technology,2008,FertxFire,LocalxLocal,Shoot Biomass,Table,31.9,2,5,4.47,60.9,2,5,4.47,Natural grassland,
3,Andresen et al. (2009),Europe,Oceanic,Denmark,Brandbjerg - 50Km NW Copenhagen,2006,CO2,Global,Micr. Biom. C,Table,6109,1065,6,2608.71,5635,1004,6,2459.29,Natural grassland,FACE experiment
3,Andresen et al. (2009),Europe,Oceanic,Denmark,Brandbjerg - 50Km NW Copenhagen,2006,Drought,Global,Micr. Biom. C,Table,6109,1065,6,2608.71,6009,480,6,1175.76,Natural grassland,Rainout Shelters
3,Andresen et al. (2009),Europe,Oceanic,Denmark,Brandbjerg - 50Km NW Copenhagen,2006,Warming,Global,Micr. Biom. C,Table,6109,1065,6,2608.71,5210,696,6,1704.84,Natural grassland,Passive night warming
3,Andresen et al. (2009),Europe,Oceanic,Denmark,Brandbjerg - 50Km NW Copenhagen,2006,CO2xWarmingxDrought,GlobalxGlobal,Micr. Biom. C,Table,6109,1065,6,2608.71,4944,499,6,1222.3,Natural grassland,FACE + rainout Shelter + passive night warming
3,Andresen et al. (2009),Europe,Oceanic,Denmark,Brandbjerg - 50Km NW Copenhagen,2006,CO2xDrought,GlobalxGlobal,Micr. Biom. C,Table,6109,1065,6,2608.71,4198,674,6,1650.96,Natural grassland,FACE + rainout Shelter
3,Andresen et al. (2009),Europe,Oceanic,Denmark,Brandbjerg - 50Km NW Copenhagen,2006,CO2xWarming,GlobalxGlobal,Micr. Biom. C,Table,6109,1065,6,2608.71,6340,771,6,1888.56,Natural grassland,FACE + passive night warming
3,Andresen et al. (2009),Europe,Oceanic,Denmark,Brandbjerg - 50Km NW Copenhagen,2006,DroughtxWarming,GlobalxGlobal,Micr. Biom. C,Table,6109,1065,6,2608.71,6435,658,6,1611.76,Natural grassland,Passive night warming
3,Andresen et al. (2009),Europe,Oceanic,Denmark,Brandbjerg - 50Km NW Copenhagen,2006,CO2,Global,Micr. Biom. N,Table,675,186,6,455.61,1084,236,6,578.08,Natural grassland,FACE experiment
3,Andresen et al. (2009),Europe,Oceanic,Denmark,Brandbjerg - 50Km NW Copenhagen,2006,Drought,Global,Micr. Biom. N,Table,675,186,6,455.61,842,66,6,161.67,Natural grassland,Rainout Shelters
3,Andresen et al. (2009),Europe,Oceanic,Denmark,Brandbjerg - 50Km NW Copenhagen,2006,Warming,Global,Micr. Biom. N,Table,675,186,6,455.61,1147,402,6,984.69,Natural grassland,Passive night warming
3,Andresen et al. (2009),Europe,Oceanic,Denmark,Brandbjerg - 50Km NW Copenhagen,2006,CO2xWarmingxDrought,GlobalxGlobal,Micr. Biom. N,Table,675,186,6,455.61,1085,263,6,644.22,Natural grassland,FACE + rainout Shelter + passive night warming
3,Andresen et al. (2009),Europe,Oceanic,Denmark,Brandbjerg - 50Km NW Copenhagen,2006,CO2xDrought,GlobalxGlobal,Micr. Biom. N,Table,675,186,6,455.61,950,169,6,413.96,Natural grassland,FACE + rainout Shelter
3,Andresen et al. (2009),Europe,Oceanic,Denmark,Brandbjerg - 50Km NW Copenhagen,2006,CO2xWarming,GlobalxGlobal,Micr. Biom. N,Table,675,186,6,455.61,896,92,6,225.35,Natural grassland,FACE + passive night warming
3,Andresen et al. (2009),Europe,Oceanic,Denmark,Brandbjerg - 50Km NW Copenhagen,2006,DroughtxWarming,GlobalxGlobal,Micr. Biom. N,Table,675,186,6,455.61,844,162,6,396.82,Natural grassland,Passive night warming
4,Bloor et al. (2010),Europe,Oceanic,France,Theix (massif Central),2007,Warming,Global,Shoot Biomass,Figure,103.5,2.8,5,6.26,145.5,8.4,5,18.78,Constructed grassland,Transplantation
4,Bloor et al. (2010),Europe,Oceanic,France,Theix (massif Central),2007,Warming,Global,Shoot Biomass,Figure,430.8,33.6,5,75.13,290.9,36.4,5,81.39,Constructed grassland,Transplantation
4,Bloor et al. (2010),Europe,Oceanic,France,Theix (massif Central),2007,CO2xWarmingxDrought,GlobalxGlobal,Shoot Biomass,Figure,103.5,2.8,5,6.26,167.8,11.2,5,25.04,Constructed grassland,Transpl. + Shelter + FACE
4,Bloor et al. (2010),Europe,Oceanic,France,Theix (massif Central),2007,CO2xWarmingxDrought,GlobalxGlobal,Shoot Biomass,Figure,430.8,33.6,5,75.13,296.5,44.8,5,100.18,Constructed grassland,Transpl. + Shelter + FACE
4,Bloor et al. (2010),Europe,Oceanic,France,Theix (massif Central),2007,DroughtxWarming,GlobalxGlobal,Shoot Biomass,Figure,103.5,2.8,5,6.26,156.6,22.4,5,50.09,Constructed grassland,Transpl. + Rainout Shelter
4,Bloor et al. (2010),Europe,Oceanic,France,Theix (massif Central),2007,DroughtxWarming,GlobalxGlobal,Shoot Biomass,Figure,430.8,33.6,5,75.13,271.3,33.6,5,75.13,Constructed grassland,Transpl. + Rainout Shelter
5,Bonanomi et al. (2006),Europe,Mediterranean,Italy,Fabriano,2005,Fert,Local,Shoot Biomass,Figure,336.3,21.7,4,43.4,622.2,112.9,4,225.8,Natural grassland,
5,Bonanomi et al. (2006),Europe,Mediterranean,Italy,Fabriano,2005,Mowing,Local,Shoot Biomass,Figure,336.3,21.7,4,43.4,211.4,33.7,4,67.4,Natural grassland,
5,Bonanomi et al. (2006),Europe,Mediterranean,Italy,Fabriano,2005,FertxMowing,LocalxLocal,Shoot Biomass,Figure,336.3,21.7,4,43.4,307.5,36,4,72,Natural grassland,
6,Carilla et al. (2011),South America,Humid Subtropical,Argentina,Los Toldos,2003,Abandon,Local,Shoot Biomass,Figure,686.43,90.08,5,201.43,624.57,74.07,5,165.63,Natural grassland,Exclosure
6,Carilla et al. (2011),South America,Humid Subtropical,Argentina,Los Toldos,2003,Fire,Local,Shoot Biomass,Figure,686.43,90.08,5,201.43,289.64,61.23,5,136.91,Natural grassland,Exclosure
6,Carilla et al. (2011),South America,Humid Subtropical,Argentina,Los Toldos,2003,AbandonxFire,LocalxLocal,Shoot Biomass,Figure,686.43,90.08,5,201.43,369.15,80.57,5,180.16,Natural grassland,Exclosure
6,Carilla et al. (2011),South America,Humid Subtropical,Argentina,Los Toldos,2003,Fire,Local,Shoot Biomass,Figure,686.43,90.08,5,201.43,289.64,61.23,5,136.91,Natural grassland,Exclosure
6,Carilla et al. (2011),South America,Humid Subtropical,Argentina,Los Toldos,2003,AbandonxFire,LocalxLocal,Shoot Biomass,Figure,686.43,90.08,5,201.43,369.15,80.57,5,180.16,Natural grassland,Exclosure
7,de Sassi & Tylianakis (2012),Oceania,Oceanic,New Zealand,Canterbury,2010,Warming,Global,Shoot Biomass,Figure,100,12.39,4,24.78,137.82,20.51,4,41.02,Constructed grassland,Heating cables
7,de Sassi & Tylianakis (2012),Oceania,Oceanic,New Zealand,Canterbury,2010,FertxWarming,GlobalxLocal,Shoot Biomass,Figure,100,12.39,4,24.78,160.32,15.48,4,30.96,Constructed grassland,Heating cables
7,de Sassi & Tylianakis (2012),Oceania,Oceanic,New Zealand,Canterbury,2010,Fert,Local,Shoot Biomass,Figure,100,12.39,4,24.78,164.16,25.54,4,51.08,Constructed grassland,Heating cables
8,Dijkstra et al. (2010),North America,Dry,USA,High Plains Grasslands Research Station,2008,CO2,Global,Micr. Biom. N,Table,6.2,0.5,5,1.12,8.1,0.9,5,2.01,Natural grassland,FACE experiment
8,Dijkstra et al. (2010),North America,Dry,USA,High Plains Grasslands Research Station,2008,Warming,Global,Micr. Biom. N,Table,6.2,0.5,5,1.12,6.8,0.6,5,1.34,Natural grassland,FACE experiment
8,Dijkstra et al. (2010),North America,Dry,USA,High Plains Grasslands Research Station,2008,CO2xWarming,GlobalxGlobal,Micr. Biom. N,Table,6.2,0.5,5,1.12,7.8,0.8,5,1.79,Natural grassland,FACE experiment
8,Dijkstra et al. (2010),North America,Dry,USA,High Plains Grasslands Research Station,2008,CO2,Global,Root Biomass,Table,417,51,5,114.04,488,48,5,107.33,Natural grassland,FACE experiment
8,Dijkstra et al. (2010),North America,Dry,USA,High Plains Grasslands Research Station,2008,Warming,Global,Root Biomass,Table,417,51,5,114.04,412,38,5,84.97,Natural grassland,FACE experiment
8,Dijkstra et al. (2010),North America,Dry,USA,High Plains Grasslands Research Station,2008,CO2xWarming,GlobalxGlobal,Root Biomass,Table,417,51,5,114.04,597,76,5,169.94,Natural grassland,FACE experiment
8,Dijkstra et al. (2010),North America,Dry,USA,High Plains Grasslands Research Station,2008,CO2,Global,Soil N,Table,0.28,0.04,5,0.09,0.15,0.01,5,0.02,Natural grassland,FACE experiment
8,Dijkstra et al. (2010),North America,Dry,USA,High Plains Grasslands Research Station,2008,Warming,Global,Soil N,Table,0.28,0.04,5,0.09,0.46,0.11,5,0.25,Natural grassland,FACE experiment
8,Dijkstra et al. (2010),North America,Dry,USA,High Plains Grasslands Research Station,2008,CO2xWarming,GlobalxGlobal,Soil N,Table,0.28,0.04,5,0.09,0.24,0.04,5,0.09,Natural grassland,FACE experiment
9,Eisenhauer et al. (2012),North America,Humid Continental,USA,Cedar Creek Minesota,2010,CO2,Global,Microbial biomass,Table,458,32,6,78.38,580,66,6,161.67,Constructed grassland,FACE experiment
9,Eisenhauer et al. (2012),North America,Humid Continental,USA,Cedar Creek Minesota,2010,Drought,Global,Microbial biomass,Table,458,32,6,78.38,428,49,6,120.02,Constructed grassland,FACE experiment
9,Eisenhauer et al. (2012),North America,Humid Continental,USA,Cedar Creek Minesota,2010,CO2xDrought,GlobalxGlobal,Microbial biomass,Table,458,32,6,78.38,541,73,6,178.81,Constructed grassland,FACE experiment
9,Eisenhauer et al. (2012),North America,Humid Continental,USA,Cedar Creek Minesota,2010,CO2xDroughtxFert,GlobalxLocal,Microbial biomass,Table,458,32,6,78.38,520,56,6,137.17,Constructed grassland,FACE experiment
9,Eisenhauer et al. (2012),North America,Humid Continental,USA,Cedar Creek Minesota,2010,CO2xFert,GlobalxLocal,Microbial biomass,Table,458,32,6,78.38,503,50,6,122.47,Constructed grassland,FACE experiment
9,Eisenhauer et al. (2012),North America,Humid Continental,USA,Cedar Creek Minesota,2010,DroughtxFert,GlobalxLocal,Microbial biomass,Table,458,32,6,78.38,340,50,6,122.47,Constructed grassland,FACE experiment
9,Eisenhauer et al. (2012),North America,Humid Continental,USA,Cedar Creek Minesota,2010,Fert,Local,Microbial biomass,Table,458,32,6,78.38,455,50,6,122.47,Constructed grassland,FACE experiment
10,Fraser et al. (2009),North America,Dry,Canada,Kamloops,2006,Drought,Global,Shoot Biomass,Figure,17.01,1.52,3,2.63,11.04,1.82,3,3.15,Natural grassland,Rainout Shelters
10,Fraser et al. (2009),North America,Dry,Canada,Kamloops,2006,Flood,Global,Shoot Biomass,Figure,17.01,1.52,3,2.63,18.62,1.68,3,2.91,Natural grassland,Rainout Shelters
10,Fraser et al. (2009),North America,Dry,Canada,Kamloops,2006,Warming,Global,Shoot Biomass,Figure,17.01,1.52,3,2.63,13.38,1.34,3,2.32,Natural grassland,Rainout Shelters
10,Fraser et al. (2009),North America,Dry,Canada,Kamloops,2006,DroughtxWarming,GlobalxGlobal,Shoot Biomass,Figure,17.01,1.52,3,2.63,13.68,1.38,3,2.39,Natural grassland,Rainout Shelters
10,Fraser et al. (2009),North America,Dry,Canada,Kamloops,2006,FloodxWarming,GlobalxGlobal,Shoot Biomass,Figure,17.01,1.52,3,2.63,21.34,4.76,3,8.24,Natural grassland,Rainout Shelters
11,Gao et al. (2011),Asia,Humid Continental,Mongolia,Xilin river basin,2006,Flood,Global,ANPP,Table,77,4,8,11.31,172,12,8,33.94,Natural grassland,
11,Gao et al. (2011),Asia,Humid Continental,Mongolia,Xilin river basin,2006,FertxFlood,GlobalxLocal,ANPP,Table,77,4,8,11.31,251,21,8,59.4,Natural grassland,
11,Gao et al. (2011),Asia,Humid Continental,Mongolia,Xilin river basin,2006,Fert,Local,ANPP,Table,77,4,8,11.31,79,4,8,11.31,Natural grassland,
11,Gao et al. (2011),Asia,Humid Continental,Mongolia,Xilin river basin,2006,Flood,Global,BNPP,Table,115,5,8,14.14,219,4,8,11.31,Natural grassland,
11,Gao et al. (2011),Asia,Humid Continental,Mongolia,Xilin river basin,2006,FertxFlood,GlobalxLocal,BNPP,Table,115,5,8,14.14,181,6,8,16.97,Natural grassland,
11,Gao et al. (2011),Asia,Humid Continental,Mongolia,Xilin river basin,2006,Fert,Local,BNPP,Table,115,5,8,14.14,109,5,8,14.14,Natural grassland,
12,Grime et al. (2008),Europe,Oceanic,England,"Buxton, North England",2004,Drought,Global,Shoot Biomass,Figure,377.2,63.3,5,141.54,255.7,45.6,5,101.96,Natural grassland,Rainout Shelters
12,Grime et al. (2008),Europe,Oceanic,England,"Buxton, North England",2004,Flood,Global,Shoot Biomass,Figure,377.2,63.3,5,141.54,364.6,86,5,192.3,Natural grassland,Rainout Shelters
12,Grime et al. (2008),Europe,Oceanic,England,"Buxton, North England",2004,Warming,Global,Shoot Biomass,Figure,377.2,63.3,5,141.54,344.3,38,5,84.97,Natural grassland,Rainout Shelters
12,Grime et al. (2008),Europe,Oceanic,England,"Buxton, North England",2004,DroughtxWarming,GlobalxGlobal,Shoot Biomass,Figure,377.2,63.3,5,141.54,283.6,88.6,5,198.12,Natural grassland,Rainout Shelters
12,Grime et al. (2008),Europe,Oceanic,England,"Buxton, North England",2004,FloodxWarming,GlobalxGlobal,Shoot Biomass,Figure,377.2,63.3,5,141.54,364.6,93.6,5,209.3,Natural grassland,Rainout Shelters
13,Grman et al. (2010),North America,Humid Continental,USA,W.K. Kellogg Biological Station of Michigan State University,2007,Fert,Local,Shoot Biomass,Figure,441.5,56.7,6,138.89,658.3,48.6,6,119.05,Natural grassland,
13,Grman et al. (2010),North America,Humid Continental,USA,W.K. Kellogg Biological Station of Michigan State University,2007,Mowing,Local,Shoot Biomass,Figure,441.5,56.7,6,138.89,402.3,56.7,6,138.89,Natural grassland,
13,Grman et al. (2010),North America,Humid Continental,USA,W.K. Kellogg Biological Station of Michigan State University,2007,FertxMowing,LocalxLocal,Shoot Biomass,Figure,441.5,56.7,6,138.89,728.2,56.7,6,138.89,Natural grassland,
14,Gross et al. (2009),Europe,Oceanic,France,ORE-PCBB Massif central,2008,Mowing,Local,Shoot Biomass,Figure,0.38,0.08,4,0.15,0.76,0.04,4,0.08,Natural grassland,
14,Gross et al. (2009),Europe,Oceanic,France,ORE-PCBB Massif central,2008,FertxMowing,LocalxLocal,Shoot Biomass,Figure,0.38,0.08,4,0.15,0.91,0.07,4,0.15,Natural grassland,
15,Harpole et al. (2007),North America,Oceanic,USA,Irvine Ranch Land Reserve,2006,Flood,Global,NEE,Figure,-0.85,0.39,5,0.87,-2.31,0.24,5,0.54,Natural grassland,
15,Harpole et al. (2007),North America,Oceanic,USA,Irvine Ranch Land Reserve,2006,Flood,Global,NEE,Figure,-3.16,0.39,5,0.87,-6.7,1.19,5,2.66,Natural grassland,
15,Harpole et al. (2007),North America,Oceanic,USA,Irvine Ranch Land Reserve,2006,FertxFlood,GlobalxLocal,NEE,Figure,-3.16,0.39,5,0.87,-3.04,0.79,5,1.77,Natural grassland,
15,Harpole et al. (2007),North America,Oceanic,USA,Irvine Ranch Land Reserve,2006,Fert,Local,NEE,Figure,-0.85,0.39,5,0.87,-1.01,0.74,5,1.65,Natural grassland,
15,Harpole et al. (2007),North America,Oceanic,USA,Irvine Ranch Land Reserve,2006,Fert,Local,NEE,Figure,-3.16,0.39,5,0.87,-3.55,0.84,5,1.88,Natural grassland,
15,Harpole et al. (2007),North America,Oceanic,USA,Irvine Ranch Land Reserve,2006,Flood,Global,Root Biomass,Figure,118,22,5,49.19,122,28,5,62.61,Natural grassland,
15,Harpole et al. (2007),North America,Oceanic,USA,Irvine Ranch Land Reserve,2006,FertxFlood,GlobalxLocal,Root Biomass,Figure,118,22,5,49.19,129,46,5,102.86,Natural grassland,
15,Harpole et al. (2007),North America,Oceanic,USA,Irvine Ranch Land Reserve,2006,Fert,Local,Root Biomass,Figure,118,22,5,49.19,106,20,5,44.72,Natural grassland,
15,Harpole et al. (2007),North America,Oceanic,USA,Irvine Ranch Land Reserve,2006,Flood,Global,Shoot Biomass,Figure,398,72,5,161,486,76,5,169.94,Natural grassland,
15,Harpole et al. (2007),North America,Oceanic,USA,Irvine Ranch Land Reserve,2006,FertxFlood,GlobalxLocal,Shoot Biomass,Figure,398,72,5,161,756,84,5,187.83,Natural grassland,
15,Harpole et al. (2007),North America,Oceanic,USA,Irvine Ranch Land Reserve,2006,Fert,Local,Shoot Biomass,Figure,398,72,5,161,579,36,5,80.5,Natural grassland,
15,Harpole et al. (2007),North America,Oceanic,USA,Irvine Ranch Land Reserve,2006,Flood,Global,Soil respiration,Figure,2.06,0.55,5,1.23,4.04,0.72,5,1.61,Natural grassland,
15,Harpole et al. (2007),North America,Oceanic,USA,Irvine Ranch Land Reserve,2006,Flood,Global,Soil respiration,Figure,1.89,0.53,5,1.19,4.11,0.72,5,1.61,Natural grassland,
15,Harpole et al. (2007),North America,Oceanic,USA,Irvine Ranch Land Reserve,2006,FertxFlood,GlobalxLocal,Soil respiration,Figure,1.89,0.53,5,1.19,2.78,0.97,5,2.17,Natural grassland,
15,Harpole et al. (2007),North America,Oceanic,USA,Irvine Ranch Land Reserve,2006,Fert,Local,Soil respiration,Figure,2.06,0.55,5,1.23,2.98,0.14,5,0.31,Natural grassland,
15,Harpole et al. (2007),North America,Oceanic,USA,Irvine Ranch Land Reserve,2006,Fert,Local,Soil respiration,Figure,1.89,0.53,5,1.19,1.12,0.17,5,0.38,Natural grassland,
16,Hejcman et al. (2010),Europe,Oceanic,Germany,Bonn University - Rengen Grassland Experimental Station,2005,Fert,Local,ANPP,Figure,3.91,0.17,4,0.34,4.04,0.5,4,1,Natural grassland,
16,Hejcman et al. (2010),Europe,Oceanic,Germany,Bonn University - Rengen Grassland Experimental Station,2005,Mowing,Local,ANPP,Figure,3.91,0.17,4,0.34,4.58,0.23,4,0.46,Natural grassland,
16,Hejcman et al. (2010),Europe,Oceanic,Germany,Bonn University - Rengen Grassland Experimental Station,2005,FertxMowing,LocalxLocal,ANPP,Figure,3.91,0.17,4,0.34,4.81,0.1,4,0.2,Natural grassland,
17,Henry et al. (2006),North America,Mediterranean,USA,Jasper Ridge,2004,CO2,Global,Root Biomass,Figure,410.81,141.89,6,347.56,170.27,43.24,6,105.92,Natural grassland,FACE experiment
17,Henry et al. (2006),North America,Mediterranean,USA,Jasper Ridge,2004,Flood,Global,Root Biomass,Figure,410.81,141.89,6,347.56,568.92,160.81,6,393.9,Natural grassland,FACE experiment
17,Henry et al. (2006),North America,Mediterranean,USA,Jasper Ridge,2004,CO2xFlood,GlobalxGlobal,Root Biomass,Figure,410.81,141.89,6,347.56,248.65,201.35,6,493.2,Natural grassland,FACE experiment
17,Henry et al. (2006),North America,Mediterranean,USA,Jasper Ridge,2004,FertxFloodxCO2,GlobalxLocal,Root Biomass,Figure,410.81,141.89,6,347.56,140.54,56.76,6,139.03,Natural grassland,FACE experiment
17,Henry et al. (2006),North America,Mediterranean,USA,Jasper Ridge,2004,CO2xFert,GlobalxLocal,Root Biomass,Figure,410.81,141.89,6,347.56,185.14,86.48,6,211.83,Natural grassland,FACE experiment
17,Henry et al. (2006),North America,Mediterranean,USA,Jasper Ridge,2004,FertxFlood,GlobalxLocal,Root Biomass,Figure,410.81,141.89,6,347.56,495.95,158.1,6,387.26,Natural grassland,FACE experiment
17,Henry et al. (2006),North America,Mediterranean,USA,Jasper Ridge,2004,Fert,Local,Root Biomass,Figure,410.81,141.89,6,347.56,429.73,137.84,6,337.64,Natural grassland,FACE experiment
17,Henry et al. (2006),North America,Mediterranean,USA,Jasper Ridge,2004,CO2,Global,Shoot Biomass,Figure,823.91,180.35,6,441.77,476.29,64.42,6,157.8,Natural grassland,FACE experiment
17,Henry et al. (2006),North America,Mediterranean,USA,Jasper Ridge,2004,Flood,Global,Shoot Biomass,Figure,823.91,180.35,6,441.77,1069.03,206.09,6,504.82,Natural grassland,FACE experiment
17,Henry et al. (2006),North America,Mediterranean,USA,Jasper Ridge,2004,CO2xFlood,GlobalxGlobal,Shoot Biomass,Figure,823.91,180.35,6,441.77,1002.22,226.72,6,555.35,Natural grassland,FACE experiment
17,Henry et al. (2006),North America,Mediterranean,USA,Jasper Ridge,2004,FertxFloodxCO2,GlobalxLocal,Shoot Biomass,Figure,823.91,180.35,6,441.77,585.58,95.33,6,233.51,Natural grassland,FACE experiment
17,Henry et al. (2006),North America,Mediterranean,USA,Jasper Ridge,2004,CO2xFert,GlobalxLocal,Shoot Biomass,Figure,823.91,180.35,6,441.77,690.85,257.64,6,631.09,Natural grassland,FACE experiment
17,Henry et al. (2006),North America,Mediterranean,USA,Jasper Ridge,2004,FertxFlood,GlobalxLocal,Shoot Biomass,Figure,823.91,180.35,6,441.77,1239.79,216.41,6,530.09,Natural grassland,FACE experiment
17,Henry et al. (2006),North America,Mediterranean,USA,Jasper Ridge,2004,Fert,Local,Shoot Biomass,Figure,823.91,180.35,6,441.77,1043.62,41.23,6,100.99,Natural grassland,FACE experiment
18,Hoeppner & Dukes (2012),North America,Humid Continental,USA,Boston-Area Climate Experiment,2010,Drought,Global,ANPP,Table,407.3,50.9,3,88.16,438.2,79.5,3,137.7,Natural grassland,Rainout Shelters
18,Hoeppner & Dukes (2012),North America,Humid Continental,USA,Boston-Area Climate Experiment,2010,Flood,Global,ANPP,Table,407.3,50.9,3,88.16,482.6,123.5,3,213.91,Natural grassland,Rainout Shelters
18,Hoeppner & Dukes (2012),North America,Humid Continental,USA,Boston-Area Climate Experiment,2010,Warming,Global,ANPP,Table,407.3,50.9,3,88.16,504.6,35.3,3,61.14,Natural grassland,Infrared heaters
18,Hoeppner & Dukes (2012),North America,Humid Continental,USA,Boston-Area Climate Experiment,2010,Warming,Global,ANPP,Table,407.3,50.9,3,88.16,541.1,24.8,3,42.95,Natural grassland,Infrared heaters
18,Hoeppner & Dukes (2012),North America,Humid Continental,USA,Boston-Area Climate Experiment,2010,Warming,Global,ANPP,Table,407.3,50.9,3,88.16,377.3,18.1,3,31.35,Natural grassland,Infrared heaters
18,Hoeppner & Dukes (2012),North America,Humid Continental,USA,Boston-Area Climate Experiment,2010,DroughtxWarming,GlobalxGlobal,ANPP,Table,407.3,50.9,3,88.16,385.9,67.3,3,116.57,Natural grassland,Rainout Shelters
18,Hoeppner & Dukes (2012),North America,Humid Continental,USA,Boston-Area Climate Experiment,2010,DroughtxWarming,GlobalxGlobal,ANPP,Table,407.3,50.9,3,88.16,336.5,94.4,3,163.51,Natural grassland,Rainout Shelters
18,Hoeppner & Dukes (2012),North America,Humid Continental,USA,Boston-Area Climate Experiment,2010,DroughtxWarming,GlobalxGlobal,ANPP,Table,407.3,50.9,3,88.16,370.8,139.1,3,240.93,Natural grassland,Rainout Shelters
18,Hoeppner & Dukes (2012),North America,Humid Continental,USA,Boston-Area Climate Experiment,2010,FloodxWarming,GlobalxGlobal,ANPP,Table,407.3,50.9,3,88.16,439.9,69.2,3,119.86,Natural grassland,Rainout Shelters
18,Hoeppner & Dukes (2012),North America,Humid Continental,USA,Boston-Area Climate Experiment,2010,FloodxWarming,GlobalxGlobal,ANPP,Table,407.3,50.9,3,88.16,425.7,70.7,3,122.46,Natural grassland,Rainout Shelters
18,Hoeppner & Dukes (2012),North America,Humid Continental,USA,Boston-Area Climate Experiment,2010,FloodxWarming,GlobalxGlobal,ANPP,Table,407.3,50.9,3,88.16,422.7,47.5,3,82.27,Natural grassland,Rainout Shelters
18,Hoeppner & Dukes (2012),North America,Humid Continental,USA,Boston-Area Climate Experiment,2010,Drought,Global,BNPP,Table,179,102,3,176.67,216,102,3,176.67,Natural grassland,Rainout Shelters
18,Hoeppner & Dukes (2012),North America,Humid Continental,USA,Boston-Area Climate Experiment,2010,Flood,Global,BNPP,Table,179,102,3,176.67,154,94,3,162.81,Natural grassland,Rainout Shelters
18,Hoeppner & Dukes (2012),North America,Humid Continental,USA,Boston-Area Climate Experiment,2010,Warming,Global,BNPP,Table,179,102,3,176.67,153,72,3,124.71,Natural grassland,Infrared heaters
18,Hoeppner & Dukes (2012),North America,Humid Continental,USA,Boston-Area Climate Experiment,2010,Warming,Global,BNPP,Table,179,102,3,176.67,126,55,3,95.26,Natural grassland,Infrared heaters
18,Hoeppner & Dukes (2012),North America,Humid Continental,USA,Boston-Area Climate Experiment,2010,Warming,Global,BNPP,Table,179,102,3,176.67,135,29,3,50.23,Natural grassland,Infrared heaters
18,Hoeppner & Dukes (2012),North America,Humid Continental,USA,Boston-Area Climate Experiment,2010,DroughtxWarming,GlobalxGlobal,BNPP,Table,179,102,3,176.67,213,79,3,136.83,Natural grassland,Rainout Shelters
18,Hoeppner & Dukes (2012),North America,Humid Continental,USA,Boston-Area Climate Experiment,2010,DroughtxWarming,GlobalxGlobal,BNPP,Table,179,102,3,176.67,178,91,3,157.62,Natural grassland,Rainout Shelters
18,Hoeppner & Dukes (2012),North America,Humid Continental,USA,Boston-Area Climate Experiment,2010,DroughtxWarming,GlobalxGlobal,BNPP,Table,179,102,3,176.67,190,60,3,103.92,Natural grassland,Rainout Shelters
18,Hoeppner & Dukes (2012),North America,Humid Continental,USA,Boston-Area Climate Experiment,2010,FloodxWarming,GlobalxGlobal,BNPP,Table,179,102,3,176.67,163,57,3,98.73,Natural grassland,Rainout Shelters
18,Hoeppner & Dukes (2012),North America,Humid Continental,USA,Boston-Area Climate Experiment,2010,FloodxWarming,GlobalxGlobal,BNPP,Table,179,102,3,176.67,156,64,3,110.85,Natural grassland,Rainout Shelters
18,Hoeppner & Dukes (2012),North America,Humid Continental,USA,Boston-Area Climate Experiment,2010,FloodxWarming,GlobalxGlobal,BNPP,Table,179,102,3,176.67,200,90,6,220.45,Natural grassland,Rainout Shelters
19,Hovenden et al. (2008),Oceania,Oceanic,Australia,TASFACE,2006,CO2,Global,Soil N,Table,6.3,1.16,3,2.01,1.9,0.32,3,0.55,Natural grassland,FACE experiment
19,Hovenden et al. (2008),Oceania,Oceanic,Australia,TASFACE,2006,Warming,Global,Soil N,Table,6.3,1.16,3,2.01,7.12,0.67,3,1.15,Natural grassland,FACE experiment
19,Hovenden et al. (2008),Oceania,Oceanic,Australia,TASFACE,2006,CO2xWarming,GlobalxGlobal,Soil N,Table,6.3,1.16,3,2.01,9.43,1.9,3,3.29,Natural grassland,FACE experiment
20,Hutchison & Henry (2010),North America,Humid Continental,Canada,London,2007,Warming,Global,Shoot Biomass,Figure,813.7,77.06,20,344.62,1165.07,157.19,10,497.08,Natural grassland,Infrared heaters
20,Hutchison & Henry (2010),North America,Humid Continental,Canada,London,2007,FertxWarming,GlobalxLocal,Shoot Biomass,Figure,813.7,77.06,20,344.62,819.86,86.3,10,272.9,Natural grassland,Infrared heaters
20,Hutchison & Henry (2010),North America,Humid Continental,Canada,London,2007,Fert,Local,Shoot Biomass,Figure,813.7,77.06,20,344.62,1211.3,175.69,20,785.71,Natural grassland,Infrared heaters
21,Kardol et al. (2010),North America,Humid Subtropical,USA,Oak Ridge National Environmental Research Park,2007,CO2,Global,Shoot Biomass,Table,668,42,3,72.75,829,27,3,46.77,Constructed grassland,OTC
21,Kardol et al. (2010),North America,Humid Subtropical,USA,Oak Ridge National Environmental Research Park,2007,Drought,Global,Shoot Biomass,Table,668,42,3,72.75,357,106,3,183.6,Constructed grassland,OTC
21,Kardol et al. (2010),North America,Humid Subtropical,USA,Oak Ridge National Environmental Research Park,2007,Warming,Global,Shoot Biomass,Table,668,42,3,72.75,694,72,3,124.71,Constructed grassland,OTC
21,Kardol et al. (2010),North America,Humid Subtropical,USA,Oak Ridge National Environmental Research Park,2007,CO2xWarmingxDrought,GlobalxGlobal,Shoot Biomass,Table,668,42,3,72.75,481,82,3,142.03,Constructed grassland,OTC
21,Kardol et al. (2010),North America,Humid Subtropical,USA,Oak Ridge National Environmental Research Park,2007,CO2xDrought,GlobalxGlobal,Shoot Biomass,Table,668,42,3,72.75,489,70,3,121.24,Constructed grassland,OTC
21,Kardol et al. (2010),North America,Humid Subtropical,USA,Oak Ridge National Environmental Research Park,2007,CO2xWarming,GlobalxGlobal,Shoot Biomass,Table,668,42,3,72.75,746,101,3,174.94,Constructed grassland,OTC
21,Kardol et al. (2010),North America,Humid Subtropical,USA,Oak Ridge National Environmental Research Park,2007,DroughtxWarming,GlobalxGlobal,Shoot Biomass,Table,668,42,3,72.75,309,27,3,46.77,Constructed grassland,OTC
22,Lanta et al. (2009),Europe,Oceanic,Czech republic,Lesna,2005,Abandon,Local,Root Biomass,Figure,3.21,0.72,3,1.25,1.57,0.41,3,0.71,Natural grassland,Exclosure
22,Lanta et al. (2009),Europe,Oceanic,Czech republic,Lesna,2005,Fert,Local,Root Biomass,Figure,3.21,0.72,3,1.25,1.55,0.54,3,0.94,Natural grassland,Exclosure
22,Lanta et al. (2009),Europe,Oceanic,Czech republic,Lesna,2005,Mowing,Local,Root Biomass,Figure,3.21,0.72,3,1.25,1.55,0.53,3,0.92,Natural grassland,Exclosure
22,Lanta et al. (2009),Europe,Oceanic,Czech republic,Lesna,2005,AbandonxFert,LocalxLocal,Root Biomass,Figure,3.21,0.72,3,1.25,1.2,0.22,3,0.38,Natural grassland,Exclosure
22,Lanta et al. (2009),Europe,Oceanic,Czech republic,Lesna,2005,FertxMowing,LocalxLocal,Root Biomass,Figure,3.21,0.72,3,1.25,1.74,0.4,3,0.69,Natural grassland,Exclosure
22,Lanta et al. (2009),Europe,Oceanic,Czech republic,Lesna,2005,Abandon,Local,Shoot Biomass,Figure,7.04,1.43,3,2.48,28.73,2.53,3,4.38,Natural grassland,Exclosure
22,Lanta et al. (2009),Europe,Oceanic,Czech republic,Lesna,2005,Fert,Local,Shoot Biomass,Figure,7.04,1.43,3,2.48,8.72,1.66,3,2.88,Natural grassland,Exclosure
22,Lanta et al. (2009),Europe,Oceanic,Czech republic,Lesna,2005,Mowing,Local,Shoot Biomass,Figure,7.04,1.43,3,2.48,25.44,4.98,3,8.63,Natural grassland,Exclosure
22,Lanta et al. (2009),Europe,Oceanic,Czech republic,Lesna,2005,AbandonxFert,LocalxLocal,Shoot Biomass,Figure,7.04,1.43,3,2.48,30.96,3.47,3,6.01,Natural grassland,Exclosure
22,Lanta et al. (2009),Europe,Oceanic,Czech republic,Lesna,2005,FertxMowing,LocalxLocal,Shoot Biomass,Figure,7.04,1.43,3,2.48,31.85,2.77,3,4.8,Natural grassland,Exclosure
23,Larsen et al. (2011),Europe,Oceanic,Denmark,CLIMAITE,2007,CO2,Global,N mineralization,Table,4.46,0.42,6,1.03,4.41,0.43,6,1.05,Natural grassland,
23,Larsen et al. (2011),Europe,Oceanic,Denmark,CLIMAITE,2007,CO2,Global,N mineralization,Table,2.51,0.59,6,1.45,5.52,1.56,6,3.82,Natural grassland,
23,Larsen et al. (2011),Europe,Oceanic,Denmark,CLIMAITE,2007,Drought,Global,N mineralization,Table,4.46,0.42,6,1.03,4.11,0.49,6,1.2,Natural grassland,
23,Larsen et al. (2011),Europe,Oceanic,Denmark,CLIMAITE,2007,Drought,Global,N mineralization,Table,2.51,0.59,6,1.45,6.84,4.22,6,10.34,Natural grassland,
23,Larsen et al. (2011),Europe,Oceanic,Denmark,CLIMAITE,2007,Warming,Global,N mineralization,Table,4.46,0.42,6,1.03,6.7,1.02,6,2.5,Natural grassland,
23,Larsen et al. (2011),Europe,Oceanic,Denmark,CLIMAITE,2007,Warming,Global,N mineralization,Table,2.51,0.59,6,1.45,4.01,0.76,6,1.86,Natural grassland,
23,Larsen et al. (2011),Europe,Oceanic,Denmark,CLIMAITE,2007,CO2xWarmingxDrought,GlobalxGlobal,N mineralization,Table,4.46,0.42,6,1.03,3.64,0.16,6,0.39,Natural grassland,
23,Larsen et al. (2011),Europe,Oceanic,Denmark,CLIMAITE,2007,CO2xWarmingxDrought,GlobalxGlobal,N mineralization,Table,2.51,0.59,6,1.45,3.6,0.94,6,2.3,Natural grassland,
23,Larsen et al. (2011),Europe,Oceanic,Denmark,CLIMAITE,2007,CO2xDrought,GlobalxGlobal,N mineralization,Table,4.46,0.42,6,1.03,6.34,0.9,6,2.2,Natural grassland,
23,Larsen et al. (2011),Europe,Oceanic,Denmark,CLIMAITE,2007,CO2xDrought,GlobalxGlobal,N mineralization,Table,2.51,0.59,6,1.45,4.39,1.24,6,3.04,Natural grassland,
23,Larsen et al. (2011),Europe,Oceanic,Denmark,CLIMAITE,2007,DroughtxWarming,GlobalxGlobal,N mineralization,Table,4.46,0.42,6,1.03,5.7,0.37,6,0.91,Natural grassland,
23,Larsen et al. (2011),Europe,Oceanic,Denmark,CLIMAITE,2007,DroughtxWarming,GlobalxGlobal,N mineralization,Table,2.51,0.59,6,1.45,2.23,0.53,6,1.3,Natural grassland,
23,Larsen et al. (2011),Europe,Oceanic,Denmark,CLIMAITE,2007,CO2xWarming,GlobalxGlobal,N mineralization,Table,4.46,0.42,6,1.03,6.65,0.7,6,1.71,Natural grassland,
23,Larsen et al. (2011),Europe,Oceanic,Denmark,CLIMAITE,2007,CO2xWarming,GlobalxGlobal,N mineralization,Table,2.51,0.59,6,1.45,2.4,0.93,6,2.28,Natural grassland,
23,Larsen et al. (2011),Europe,Oceanic,Denmark,CLIMAITE,2007,CO2,Global,Soil N,Table,0.08,0.04,6,0.1,0.03,0.02,6,0.04,Natural grassland,
23,Larsen et al. (2011),Europe,Oceanic,Denmark,CLIMAITE,2007,CO2,Global,Soil N,Table,0.33,0.17,6,0.42,0.25,0.15,6,0.38,Natural grassland,
23,Larsen et al. (2011),Europe,Oceanic,Denmark,CLIMAITE,2007,Drought,Global,Soil N,Table,0.08,0.04,6,0.1,0.06,0.06,6,0.14,Natural grassland,
23,Larsen et al. (2011),Europe,Oceanic,Denmark,CLIMAITE,2007,Drought,Global,Soil N,Table,0.33,0.17,6,0.42,0.19,0.17,6,0.41,Natural grassland,
23,Larsen et al. (2011),Europe,Oceanic,Denmark,CLIMAITE,2007,Warming,Global,Soil N,Table,0.08,0.04,6,0.1,0.23,0.13,6,0.33,Natural grassland,
23,Larsen et al. (2011),Europe,Oceanic,Denmark,CLIMAITE,2007,Warming,Global,Soil N,Table,0.33,0.17,6,0.42,0.29,0.11,6,0.27,Natural grassland,
23,Larsen et al. (2011),Europe,Oceanic,Denmark,CLIMAITE,2007,CO2xWarmingxDrought,GlobalxGlobal,Soil N,Table,0.08,0.04,6,0.1,0.04,0.03,6,0.07,Natural grassland,
23,Larsen et al. (2011),Europe,Oceanic,Denmark,CLIMAITE,2007,CO2xWarmingxDrought,GlobalxGlobal,Soil N,Table,0.33,0.17,6,0.42,0.06,0.02,6,0.04,Natural grassland,
23,Larsen et al. (2011),Europe,Oceanic,Denmark,CLIMAITE,2007,CO2xDrought,GlobalxGlobal,Soil N,Table,0.08,0.04,6,0.1,0.18,0.1,6,0.24,Natural grassland,
23,Larsen et al. (2011),Europe,Oceanic,Denmark,CLIMAITE,2007,CO2xDrought,GlobalxGlobal,Soil N,Table,0.33,0.17,6,0.42,0.24,0.12,6,0.3,Natural grassland,
23,Larsen et al. (2011),Europe,Oceanic,Denmark,CLIMAITE,2007,DroughtxWarming,GlobalxGlobal,Soil N,Table,0.08,0.04,6,0.1,0.09,0.08,6,0.2,Natural grassland,
23,Larsen et al. (2011),Europe,Oceanic,Denmark,CLIMAITE,2007,DroughtxWarming,GlobalxGlobal,Soil N,Table,0.33,0.17,6,0.42,0.06,0.02,6,0.05,Natural grassland,
23,Larsen et al. (2011),Europe,Oceanic,Denmark,CLIMAITE,2007,CO2xWarming,GlobalxGlobal,Soil N,Table,0.08,0.04,6,0.1,0.28,0.14,6,0.34,Natural grassland,
23,Larsen et al. (2011),Europe,Oceanic,Denmark,CLIMAITE,2007,CO2xWarming,GlobalxGlobal,Soil N,Table,0.33,0.17,6,0.42,1.09,0.33,6,0.8,Natural grassland,
24,Liu et al. (2009),Asia,Humid Continental,Mongolia,Duolun County,2007,Flood,Global,Micr. Biom. C,Figure,275.65,28.99,6,71.01,350.07,34.82,6,85.29,Natural grassland,Infrared heaters
24,Liu et al. (2009),Asia,Humid Continental,Mongolia,Duolun County,2007,Warming,Global,Micr. Biom. C,Figure,275.65,28.99,6,71.01,196.21,26.11,6,63.96,Natural grassland,Infrared heaters
24,Liu et al. (2009),Asia,Humid Continental,Mongolia,Duolun County,2007,FloodxWarming,GlobalxGlobal,Micr. Biom. C,Figure,275.65,28.99,6,71.01,266.44,11.49,6,28.14,Natural grassland,Infrared heaters
24,Liu et al. (2009),Asia,Humid Continental,Mongolia,Duolun County,2007,Flood,Global,Micr. Biom. N,Figure,41.69,2.88,6,7.05,75.91,7.46,6,18.27,Natural grassland,Infrared heaters
24,Liu et al. (2009),Asia,Humid Continental,Mongolia,Duolun County,2007,Warming,Global,Micr. Biom. N,Figure,41.69,2.88,6,7.05,27.89,4.03,6,9.87,Natural grassland,Infrared heaters
24,Liu et al. (2009),Asia,Humid Continental,Mongolia,Duolun County,2007,FloodxWarming,GlobalxGlobal,Micr. Biom. N,Figure,41.69,2.88,6,7.05,43.42,1.44,6,3.53,Natural grassland,Infrared heaters
24,Liu et al. (2009),Asia,Humid Continental,Mongolia,Duolun County,2007,Flood,Global,Soil respiration,Figure,40.17,5.49,6,13.45,70.33,4.27,6,10.46,Natural grassland,Infrared heaters
24,Liu et al. (2009),Asia,Humid Continental,Mongolia,Duolun County,2007,Warming,Global,Soil respiration,Figure,40.17,5.49,6,13.45,38.96,2.93,6,7.18,Natural grassland,Infrared heaters
24,Liu et al. (2009),Asia,Humid Continental,Mongolia,Duolun County,2007,FloodxWarming,GlobalxGlobal,Soil respiration,Figure,40.17,5.49,6,13.45,46.35,2.36,6,5.78,Natural grassland,Infrared heaters
25,Luo et al. (2009),North America,Humid Subtropical,USA,McClain county,2005,Warming,Global,BNPP,Table,239,33.1,6,81.08,287,37.7,6,92.35,Natural grassland,Infrared heaters
25,Luo et al. (2009),North America,Humid Subtropical,USA,McClain county,2005,MowingxWarming,GlobalxLocal,BNPP,Table,239,33.1,6,81.08,320,39.2,6,96.02,Natural grassland,Infrared heaters
25,Luo et al. (2009),North America,Humid Subtropical,USA,McClain county,2005,Mowing,Local,BNPP,Table,239,33.1,6,81.08,245,30.6,6,74.95,Natural grassland,Infrared heaters
25,Luo et al. (2009),North America,Humid Subtropical,USA,McClain county,2005,Warming,Global,Shoot Biomass,Table,224.9,16.1,6,39.44,226.7,27.2,6,66.63,Natural grassland,Infrared heaters
25,Luo et al. (2009),North America,Humid Subtropical,USA,McClain county,2005,MowingxWarming,GlobalxLocal,Shoot Biomass,Table,224.9,16.1,6,39.44,179.9,14.4,6,35.27,Natural grassland,Infrared heaters
25,Luo et al. (2009),North America,Humid Subtropical,USA,McClain county,2005,Mowing,Local,Shoot Biomass,Table,224.9,16.1,6,39.44,149.3,17,6,41.64,Natural grassland,Infrared heaters
25,Luo et al. (2009),North America,Humid Subtropical,USA,McClain county,2005,Warming,Global,Soil C,Table,3.87,0.44,6,1.07,3.76,0.27,6,0.66,Natural grassland,Infrared heaters
25,Luo et al. (2009),North America,Humid Subtropical,USA,McClain county,2005,MowingxWarming,GlobalxLocal,Soil C,Table,3.87,0.44,6,1.07,3.4,0.34,6,0.83,Natural grassland,Infrared heaters
25,Luo et al. (2009),North America,Humid Subtropical,USA,McClain county,2005,Mowing,Local,Soil C,Table,3.87,0.44,6,1.07,3.28,0.3,6,0.74,Natural grassland,Infrared heaters
25,Luo et al. (2009),North America,Humid Subtropical,USA,McClain county,2005,Warming,Global,Soil respiration,Table,794,15.6,6,38.21,853,17.6,6,43.11,Natural grassland,Infrared heaters
25,Luo et al. (2009),North America,Humid Subtropical,USA,McClain county,2005,MowingxWarming,GlobalxLocal,Soil respiration,Table,794,15.6,6,38.21,842,15.4,6,37.72,Natural grassland,Infrared heaters
25,Luo et al. (2009),North America,Humid Subtropical,USA,McClain county,2005,Mowing,Local,Soil respiration,Table,794,15.6,6,38.21,732,11.2,6,27.43,Natural grassland,Infrared heaters
26,Ma et al. (2012),Asia,Subarctic,China,Xiertala farm,2011,Flood,Global,Micr. Biom. C,Figure,402.7,7.5,6,18.37,419,6.1,6,14.94,Natural grassland,
26,Ma et al. (2012),Asia,Subarctic,China,Xiertala farm,2011,FertxFlood,GlobalxLocal,Micr. Biom. C,Figure,402.7,7.5,6,18.37,469.1,7.4,6,18.13,Natural grassland,
26,Ma et al. (2012),Asia,Subarctic,China,Xiertala farm,2011,Fert,Local,Micr. Biom. C,Figure,402.7,7.5,6,18.37,454.9,8.8,6,21.56,Natural grassland,
26,Ma et al. (2012),Asia,Subarctic,China,Xiertala farm,2011,Flood,Global,Micr. Biom. N,Figure,42.4,1.5,6,3.67,41.8,1,6,2.45,Natural grassland,
26,Ma et al. (2012),Asia,Subarctic,China,Xiertala farm,2011,FertxFlood,GlobalxLocal,Micr. Biom. N,Figure,42.4,1.5,6,3.67,48.1,1.2,6,2.94,Natural grassland,
26,Ma et al. (2012),Asia,Subarctic,China,Xiertala farm,2011,Fert,Local,Micr. Biom. N,Figure,42.4,1.5,6,3.67,46.5,1.3,6,3.18,Natural grassland,
26,Ma et al. (2012),Asia,Subarctic,China,Xiertala farm,2011,Flood,Global,Soil C,Figure,3.63,0.15,6,0.36,3.68,0.21,6,0.51,Natural grassland,
26,Ma et al. (2012),Asia,Subarctic,China,Xiertala farm,2011,FertxFlood,GlobalxLocal,Soil C,Figure,3.63,0.15,6,0.36,3.72,0.19,6,0.45,Natural grassland,
26,Ma et al. (2012),Asia,Subarctic,China,Xiertala farm,2011,Fert,Local,Soil C,Figure,3.63,0.15,6,0.36,3.7,0.16,6,0.39,Natural grassland,
26,Ma et al. (2012),Asia,Subarctic,China,Xiertala farm,2011,Flood,Global,Soil N,Figure,10.13,0.32,6,0.79,7.84,0.46,6,1.12,Natural grassland,
26,Ma et al. (2012),Asia,Subarctic,China,Xiertala farm,2011,FertxFlood,GlobalxLocal,Soil N,Figure,10.13,0.32,6,0.79,9.69,0.17,6,0.42,Natural grassland,
26,Ma et al. (2012),Asia,Subarctic,China,Xiertala farm,2011,Fert,Local,Soil N,Figure,10.13,0.32,6,0.79,10.36,0.38,6,0.94,Natural grassland,
26,Ma et al. (2012),Asia,Subarctic,China,Xiertala farm,2011,Flood,Global,Soil respiration,Figure,44.8,0.7,6,1.71,45.8,1.1,6,2.69,Natural grassland,
26,Ma et al. (2012),Asia,Subarctic,China,Xiertala farm,2011,FertxFlood,GlobalxLocal,Soil respiration,Figure,44.8,0.7,6,1.71,49.9,1.15,6,2.82,Natural grassland,
26,Ma et al. (2012),Asia,Subarctic,China,Xiertala farm,2011,Fert,Local,Soil respiration,Figure,44.8,0.7,6,1.71,52.4,1.5,6,3.67,Natural grassland,
27,Mason et al. (2011),Europe,Oceanic,Czech republic,Ohrazeni,2005,Fert,Local,Shoot Biomass,Figure,110.88,43.35,3,75.08,110.7,34.53,3,59.81,Natural grassland,
27,Mason et al. (2011),Europe,Oceanic,Czech republic,Ohrazeni,2005,Mowing,Local,Shoot Biomass,Figure,110.88,43.35,3,75.08,77.11,2.21,3,3.83,Natural grassland,
27,Mason et al. (2011),Europe,Oceanic,Czech republic,Ohrazeni,2005,FertxMowing,LocalxLocal,Shoot Biomass,Figure,110.88,43.35,3,75.08,78.03,23.15,3,40.1,Natural grassland,
28,Mikola et al. (2009),Europe,Subarctic,Finland,Maaninka,2002,Abandon,Local,Root Biomass,Figure,427.35,73.82,10,233.44,598.9,58.54,10,185.12,Constructed grassland,
28,Mikola et al. (2009),Europe,Subarctic,Finland,Maaninka,2002,Mowing,Local,Root Biomass,Figure,427.35,73.82,10,233.44,273.6,30.51,10,96.48,Constructed grassland,
28,Mikola et al. (2009),Europe,Subarctic,Finland,Maaninka,2002,FertxMowing,LocalxLocal,Root Biomass,Figure,427.35,73.82,10,233.44,210.47,30.57,10,96.67,Constructed grassland,
28,Mikola et al. (2009),Europe,Subarctic,Finland,Maaninka,2002,Abandon,Local,Shoot Biomass,Figure,493.15,45.84,10,144.96,774.18,109.48,10,346.21,Constructed grassland,
28,Mikola et al. (2009),Europe,Subarctic,Finland,Maaninka,2002,Mowing,Local,Shoot Biomass,Figure,493.15,45.84,10,144.96,331.78,30.61,10,96.8,Constructed grassland,
28,Mikola et al. (2009),Europe,Subarctic,Finland,Maaninka,2002,FertxMowing,LocalxLocal,Shoot Biomass,Figure,493.15,45.84,10,144.96,347.57,25.46,10,80.51,Constructed grassland,
28,Mikola et al. (2009),Europe,Subarctic,Finland,Maaninka,2002,Abandon,Local,Soil N,Figure,40.78,13.29,10,42.03,18.39,3.29,10,10.4,Constructed grassland,
28,Mikola et al. (2009),Europe,Subarctic,Finland,Maaninka,2002,Mowing,Local,Soil N,Figure,40.78,13.29,10,42.03,10.77,0.92,10,2.91,Constructed grassland,
28,Mikola et al. (2009),Europe,Subarctic,Finland,Maaninka,2002,FertxMowing,LocalxLocal,Soil N,Figure,40.78,13.29,10,42.03,9.99,0.79,10,2.5,Constructed grassland,
29,Morgan et al. (2011),North America,Dry,USA,Cheyenne,2009,CO2,Global,Root Biomass,Figure,174.43,7.42,5,16.59,223.06,41.12,5,91.95,Natural grassland,
29,Morgan et al. (2011),North America,Dry,USA,Cheyenne,2009,Warming,Global,Root Biomass,Figure,174.43,7.42,5,16.59,189.31,22.92,5,51.25,Natural grassland,
29,Morgan et al. (2011),North America,Dry,USA,Cheyenne,2009,CO2xWarming,GlobalxGlobal,Root Biomass,Figure,174.43,7.42,5,16.59,257.49,39.77,5,88.93,Natural grassland,
29,Morgan et al. (2011),North America,Dry,USA,Cheyenne,2009,CO2,Global,Shoot Biomass,Figure,107.27,18.79,5,42.02,109.61,7.66,5,17.13,Natural grassland,
29,Morgan et al. (2011),North America,Dry,USA,Cheyenne,2009,Warming,Global,Shoot Biomass,Figure,107.27,18.79,5,42.02,101.54,4.22,5,9.44,Natural grassland,
29,Morgan et al. (2011),North America,Dry,USA,Cheyenne,2009,CO2xWarming,GlobalxGlobal,Shoot Biomass,Figure,107.27,18.79,5,42.02,125.73,18.4,5,41.14,Natural grassland,
30,Pendall et al. (2011),Oceania,Oceanic,Tasmania,South East Tasmania,2007,CO2,Global,Root Biomass,Figure,711.06,112.91,3,195.57,484.04,118.54,3,205.32,Natural grassland,FACE experiment
30,Pendall et al. (2011),Oceania,Oceanic,Tasmania,South East Tasmania,2007,Warming,Global,Root Biomass,Figure,711.06,112.91,3,195.57,600.38,172.18,3,298.22,Natural grassland,FACE experiment
30,Pendall et al. (2011),Oceania,Oceanic,Tasmania,South East Tasmania,2007,CO2xWarming,GlobalxGlobal,Root Biomass,Figure,711.06,112.91,3,195.57,378.96,101.66,3,176.08,Natural grassland,FACE experiment
30,Pendall et al. (2011),Oceania,Oceanic,Tasmania,South East Tasmania,2007,CO2,Global,Shoot Biomass,Figure,219.56,14.09,3,24.4,447.14,155.27,3,268.94,Natural grassland,FACE experiment
30,Pendall et al. (2011),Oceania,Oceanic,Tasmania,South East Tasmania,2007,Warming,Global,Shoot Biomass,Figure,219.56,14.09,3,24.4,210.53,124.18,3,215.09,Natural grassland,FACE experiment
30,Pendall et al. (2011),Oceania,Oceanic,Tasmania,South East Tasmania,2007,CO2xWarming,GlobalxGlobal,Shoot Biomass,Figure,219.56,14.09,3,24.4,308.2,110.09,3,190.68,Natural grassland,FACE experiment
31,Selsted et al. (2012),Europe,Oceanic,Denmark,CLIMAITE,2008,CO2,Global,Soil respiration,Figure,1.39,0.21,6,0.5,1.93,0.19,6,0.45,Natural grassland,
31,Selsted et al. (2012),Europe,Oceanic,Denmark,CLIMAITE,2008,Drought,Global,Soil respiration,Figure,1.39,0.21,6,0.5,1.16,0.15,6,0.36,Natural grassland,
31,Selsted et al. (2012),Europe,Oceanic,Denmark,CLIMAITE,2008,Warming,Global,Soil respiration,Figure,1.39,0.21,6,0.5,1.49,0.24,6,0.6,Natural grassland,
31,Selsted et al. (2012),Europe,Oceanic,Denmark,CLIMAITE,2008,CO2xWarmingxDrought,GlobalxGlobal,Soil respiration,Figure,1.39,0.21,6,0.5,1.62,0.22,6,0.55,Natural grassland,
31,Selsted et al. (2012),Europe,Oceanic,Denmark,CLIMAITE,2008,CO2xDrought,GlobalxGlobal,Soil respiration,Figure,1.39,0.21,6,0.5,1.77,0.23,6,0.57,Natural grassland,
31,Selsted et al. (2012),Europe,Oceanic,Denmark,CLIMAITE,2008,DroughtxWarming,GlobalxGlobal,Soil respiration,Figure,1.39,0.21,6,0.5,1.02,0.17,6,0.4,Natural grassland,
31,Selsted et al. (2012),Europe,Oceanic,Denmark,CLIMAITE,2008,CO2xWarming,GlobalxGlobal,Soil respiration,Figure,1.39,0.21,6,0.5,2.39,0.43,6,1.05,Natural grassland,
32,Sherry et al. (2008),North America,Humid Subtropical,USA,Kessler Farm,2004,Flood,Global,Shoot Biomass,Figure,759.72,62,5,138.64,707.72,66,5,147.58,Natural grassland,
32,Sherry et al. (2008),North America,Humid Subtropical,USA,Kessler Farm,2004,Warming,Global,Shoot Biomass,Figure,759.72,62,5,138.64,688.72,60.03,5,134.23,Natural grassland,
32,Sherry et al. (2008),North America,Humid Subtropical,USA,Kessler Farm,2004,FloodxWarming,GlobalxGlobal,Shoot Biomass,Figure,759.72,62,5,138.64,574.71,63,5,140.87,Natural grassland,
32,Sherry et al. (2008),North America,Humid Subtropical,USA,Kessler Farm,2004,Flood,Global,Soil N,Figure,17.74,8.02,5,17.93,12.79,1.54,5,3.44,Natural grassland,
32,Sherry et al. (2008),North America,Humid Subtropical,USA,Kessler Farm,2004,Warming,Global,Soil N,Figure,17.74,8.02,5,17.93,9.89,1.47,5,3.29,Natural grassland,
32,Sherry et al. (2008),North America,Humid Subtropical,USA,Kessler Farm,2004,FloodxWarming,GlobalxGlobal,Soil N,Figure,17.74,8.02,5,17.93,16.38,4.94,5,11.05,Natural grassland,
33,Siemann et al. (2007),North America,Dry,USA,Coastal Center,2002,Drought,Global,Soil C,Table,3.14,0.12,4,0.24,3.23,0.22,4,0.44,Natural grassland,
33,Siemann et al. (2007),North America,Dry,USA,Coastal Center,2002,Flood,Global,Soil C,Table,3.14,0.12,4,0.24,3.21,0.13,4,0.26,Natural grassland,
33,Siemann et al. (2007),North America,Dry,USA,Coastal Center,2002,DroughtxFert,GlobalxLocal,Soil C,Table,3.14,0.12,4,0.24,3.51,0.15,4,0.3,Natural grassland,
33,Siemann et al. (2007),North America,Dry,USA,Coastal Center,2002,FertxFlood,GlobalxLocal,Soil C,Table,3.14,0.12,4,0.24,3.37,0.17,4,0.34,Natural grassland,
33,Siemann et al. (2007),North America,Dry,USA,Coastal Center,2002,Fert,Local,Soil C,Table,3.14,0.12,4,0.24,3.34,0.07,4,0.14,Natural grassland,
33,Siemann et al. (2007),North America,Dry,USA,Coastal Center,2002,Drought,Global,Soil N,Table,0.25,0.01,4,0.02,0.26,0.02,4,0.04,Natural grassland,
33,Siemann et al. (2007),North America,Dry,USA,Coastal Center,2002,Flood,Global,Soil N,Table,0.25,0.01,4,0.02,0.25,0.01,4,0.02,Natural grassland,
33,Siemann et al. (2007),North America,Dry,USA,Coastal Center,2002,DroughtxFert,GlobalxLocal,Soil N,Table,0.25,0.01,4,0.02,0.27,0.01,4,0.02,Natural grassland,
33,Siemann et al. (2007),North America,Dry,USA,Coastal Center,2002,FertxFlood,GlobalxLocal,Soil N,Table,0.25,0.01,4,0.02,0.27,0.01,4,0.02,Natural grassland,
33,Siemann et al. (2007),North America,Dry,USA,Coastal Center,2002,Fert,Local,Soil N,Table,0.25,0.01,4,0.02,0.25,0.01,4,0.02,Natural grassland,
34,Spiegelberger et al. (2009),Europe,Oceanic,Switzerland,Jura/Alps,2004,Abandon,Local,Shoot Biomass,Table,50,7.3,10,23.08,68,4.4,10,13.91,Natural grassland,
34,Spiegelberger et al. (2009),Europe,Oceanic,Switzerland,Jura/Alps,2004,Fert,Local,Shoot Biomass,Table,50,7.3,10,23.08,40,4.5,10,14.23,Natural grassland,
34,Spiegelberger et al. (2009),Europe,Oceanic,Switzerland,Jura/Alps,2004,AbandonxFert,LocalxLocal,Shoot Biomass,Table,50,7.3,10,23.08,61,4.5,10,14.23,Natural grassland,
35,Vogel et al. (2012),Europe,Oceanic,Germany,Jena Experiment - floodplain of the river Saale,2009,Drought,Global,ANPP,Figure,341.3,43.6,4,87.2,247.5,50,4,100,Constructed grassland,Rainout Shelters
35,Vogel et al. (2012),Europe,Oceanic,Germany,Jena Experiment - floodplain of the river Saale,2009,DroughtxFert,GlobalxLocal,ANPP,Figure,341.3,43.6,4,87.2,459.8,60.6,4,121.2,Constructed grassland,Rainout Shelters
35,Vogel et al. (2012),Europe,Oceanic,Germany,Jena Experiment - floodplain of the river Saale,2009,Fert,Local,ANPP,Figure,341.3,43.6,4,87.2,276.8,56.5,4,113,Constructed grassland,Rainout Shelters
35,Vogel et al. (2012),Europe,Oceanic,Germany,Jena Experiment - floodplain of the river Saale,2009,FertxMowingxDrought,LocalxLocal,ANPP,Figure,341.3,43.6,4,87.2,96.5,18.7,4,37.4,Constructed grassland,Rainout Shelters
35,Vogel et al. (2012),Europe,Oceanic,Germany,Jena Experiment - floodplain of the river Saale,2009,FertxMowingxDrought,LocalxLocal,ANPP,Figure,341.3,43.6,4,87.2,101,16.2,4,32.4,Constructed grassland,Rainout Shelters
35,Vogel et al. (2012),Europe,Oceanic,Germany,Jena Experiment - floodplain of the river Saale,2009,FertxMowing,LocalxLocal,ANPP,Figure,341.3,43.6,4,87.2,150.6,6.3,4,12.6,Constructed grassland,Rainout Shelters
35,Vogel et al. (2012),Europe,Oceanic,Germany,Jena Experiment - floodplain of the river Saale,2009,FertxMowing,LocalxLocal,ANPP,Figure,341.3,43.6,4,87.2,140.3,12.6,4,25.2,Constructed grassland,Rainout Shelters
36,Wan et al. (2007),North America,Humid Subtropical,USA,Oak Ridge National Environmental Research Park,2004,CO2,Global,Soil respiration,Figure,0.29,0.05,3,0.09,0.54,0.11,3,0.19,Constructed grassland,OTC
36,Wan et al. (2007),North America,Humid Subtropical,USA,Oak Ridge National Environmental Research Park,2004,Drought,Global,Soil respiration,Figure,0.29,0.05,3,0.09,0.63,0.08,3,0.15,Constructed grassland,OTC
36,Wan et al. (2007),North America,Humid Subtropical,USA,Oak Ridge National Environmental Research Park,2004,Warming,Global,Soil respiration,Figure,0.29,0.05,3,0.09,0.29,0.04,3,0.07,Constructed grassland,OTC
36,Wan et al. (2007),North America,Humid Subtropical,USA,Oak Ridge National Environmental Research Park,2004,CO2xWarmingxDrought,GlobalxGlobal,Soil respiration,Figure,0.29,0.05,3,0.09,0.8,0.07,3,0.12,Constructed grassland,OTC
36,Wan et al. (2007),North America,Humid Subtropical,USA,Oak Ridge National Environmental Research Park,2004,CO2xDrought,GlobalxGlobal,Soil respiration,Figure,0.29,0.05,3,0.09,0.92,0.15,3,0.27,Constructed grassland,OTC
36,Wan et al. (2007),North America,Humid Subtropical,USA,Oak Ridge National Environmental Research Park,2004,DroughtxWarming,GlobalxGlobal,Soil respiration,Figure,0.29,0.05,3,0.09,0.59,0.13,3,0.22,Constructed grassland,OTC
36,Wan et al. (2007),North America,Humid Subtropical,USA,Oak Ridge National Environmental Research Park,2004,CO2xWarming,GlobalxGlobal,Soil respiration,Figure,0.29,0.05,3,0.09,0.5,0.05,3,0.09,Constructed grassland,OTC
37,West et al. (2006),North America,Humid Continental,USA,Cedar Creek History Area,2003,CO2,Global,N mineralization,Figure,0.1,0.01,12,0.02,0.09,0.01,12,0.03,Constructed grassland,FACE experiment
37,West et al. (2006),North America,Humid Continental,USA,Cedar Creek History Area,2003,CO2xFert,GlobalxLocal,N mineralization,Figure,0.1,0.01,12,0.02,0.09,0.01,12,0.03,Constructed grassland,FACE experiment
37,West et al. (2006),North America,Humid Continental,USA,Cedar Creek History Area,2003,Fert,Local,N mineralization,Figure,0.1,0.01,12,0.02,0.11,0.01,12,0.03,Constructed grassland,FACE experiment
38,Wu et al. (2012),North America,Dry,USA,High desert grassland,2010,Warming,Global,ANPP,Table,189,12.7,7,33.6,50.2,18.2,7,48.15,Natural grassland,Transplantation
38,Wu et al. (2012),North America,Dry,USA,Pinyon-juniper woodland,2010,Warming,Global,ANPP,Table,139.4,7.1,7,18.78,212.3,24.6,7,65.09,Natural grassland,Transplantation
38,Wu et al. (2012),North America,Dry,USA,Meadows Ponderosa Pine forest,2010,Warming,Global,ANPP,Table,111.6,8.9,7,23.55,152.1,25.5,7,67.47,Natural grassland,Transplantation
38,Wu et al. (2012),North America,Dry,USA,High desert grassland,2010,DroughtxWarming,GlobalxGlobal,ANPP,Table,189,12.7,7,33.6,16.6,3.7,6,9.06,Natural grassland,Transplantation
38,Wu et al. (2012),North America,Dry,USA,Pinyon-juniper woodland,2010,DroughtxWarming,GlobalxGlobal,ANPP,Table,139.4,7.1,7,18.78,241.2,20.1,6,49.23,Natural grassland,Transplantation
38,Wu et al. (2012),North America,Dry,USA,Meadows Ponderosa Pine forest,2010,DroughtxWarming,GlobalxGlobal,ANPP,Table,111.6,8.9,7,23.55,178.2,17.8,6,43.6,Natural grassland,Transplantation
38,Wu et al. (2012),North America,Dry,USA,High desert grassland,2010,FloodxWarming,GlobalxGlobal,ANPP,Table,189,12.7,7,33.6,87.2,21.3,7,56.35,Natural grassland,Transplantation
38,Wu et al. (2012),North America,Dry,USA,Pinyon-juniper woodland,2010,FloodxWarming,GlobalxGlobal,ANPP,Table,139.4,7.1,7,18.78,248.7,29.2,7,77.26,Natural grassland,Transplantation
38,Wu et al. (2012),North America,Dry,USA,Meadows Ponderosa Pine forest,2010,FloodxWarming,GlobalxGlobal,ANPP,Table,111.6,8.9,7,23.55,119.3,8.3,7,21.96,Natural grassland,Transplantation